State,District,Area,Pincode
Tamilnadu,Villupuram,Adanur  ,605402
Tamilnadu,Villupuram,Adavallikuthan  ,604301
Tamilnadu,Villupuram,Akkur  ,604207
Tamilnadu,Villupuram,Akshipakkam  ,604101
Tamilnadu,Villupuram,Alagrammam  ,604302
Tamilnadu,Villupuram,Alampoondi  ,604151
Tamilnadu,Villupuram,Alankuppam  ,604301
Tamilnadu,Villupuram,Alathur  ,604303
Tamilnadu,Villupuram,Anaiyeri  ,605201
Tamilnadu,Villupuram,Anangur  ,604203
Tamilnadu,Villupuram,Anangur  ,605103
Tamilnadu,Villupuram,Ananthapuram  ,605201
Tamilnadu,Villupuram,Anathur  ,604202
Tamilnadu,Villupuram,Andapattu  ,604101
Tamilnadu,Villupuram,Annamangalam  ,604210
Tamilnadu,Villupuram,Anniyur  ,605202
Tamilnadu,Villupuram,Anumandai  ,604303
Tamilnadu,Villupuram,Ariyalur Tirukkai  ,605402
Tamilnadu,Villupuram,Ariyur  ,605102
Tamilnadu,Villupuram,Arpisampalayam  ,605108
Tamilnadu,Villupuram,Arugavur  ,604203
Tamilnadu,Villupuram,Asokapuri  ,605203
Tamilnadu,Villupuram,Athipakkam  ,604207
Tamilnadu,Villupuram,Athipattu  ,604152
Tamilnadu,Villupuram,Athiyur  ,605201
Tamilnadu,Villupuram,Athiyur Thiruvadi  ,605401
Tamilnadu,Villupuram,Attur  ,604001
Tamilnadu,Villupuram,Auroville  ,605101
Tamilnadu,Villupuram,Avalurpet  ,604201
Tamilnadu,Villupuram,Avanipur  ,604101
Tamilnadu,Villupuram,Avarapakkam  ,604001
Tamilnadu,Villupuram,Aviyur  ,604203
Tamilnadu,Villupuram,Ayyanthoppu  ,604001
Tamilnadu,Villupuram,Ayyur Agaram  ,605601
Tamilnadu,Villupuram,Brahmadesam  ,604301
Tamilnadu,Villupuram,Brahmadesam  ,605203
Tamilnadu,Villupuram,Chellapiratti  ,604210
Tamilnadu,Villupuram,Chendur  ,604302
Tamilnadu,Villupuram,Chinnababusamudram  ,605102
Tamilnadu,Villupuram,Chinnanerkunam  ,604302
Tamilnadu,Villupuram,Chinthamani  ,605601
Tamilnadu,Villupuram,Coudapakkam  ,605502
Tamilnadu,Villupuram,Dadapuram  ,604207
Tamilnadu,Villupuram,Devadanampettai  ,604151
Tamilnadu,Villupuram,Devandavadi  ,604208
Tamilnadu,Villupuram,Devanur  ,604208
Tamilnadu,Villupuram,Eachur  ,604203
Tamilnadu,Villupuram,Endiyur  ,604001
Tamilnadu,Villupuram,Eraiyanur  ,604001
Tamilnadu,Villupuram,Eraiyur  ,604304
Tamilnadu,Villupuram,Eyyakunam  ,604204
Tamilnadu,Villupuram,Eyyal  ,604204
Tamilnadu,Villupuram,Gengarampalayam  ,605108
Tamilnadu,Villupuram,Gingee  ,604202
Tamilnadu,Villupuram,Gingee Bazaar  ,604202
Tamilnadu,Villupuram,Guduvampoondi  ,604208
Tamilnadu,Villupuram,Hemerjickx Cente  ,605111
Tamilnadu,Villupuram,Idapattu  ,604201
Tamilnadu,Villupuram,Illodu  ,604210
Tamilnadu,Villupuram,Jayankondam  ,604202
Tamilnadu,Villupuram,Kadali  ,604210
Tamilnadu,Villupuram,Kadambur  ,604206
Tamilnadu,Villupuram,Kadaperikuppam  ,605502
Tamilnadu,Villupuram,Kakkanur  ,605402
Tamilnadu,Villupuram,Kalaiyur  ,604206
Tamilnadu,Villupuram,Kalayampoondi  ,605202
Tamilnadu,Villupuram,Kallapattu  ,605108
Tamilnadu,Villupuram,Kallapuliyur  ,604208
Tamilnadu,Villupuram,Kalleri  ,604151
Tamilnadu,Villupuram,Kallipattu  ,605105
Tamilnadu,Villupuram,Kalpattu  ,605302
Tamilnadu,Villupuram,Kaluperumbakkam  ,605014
Tamilnadu,Villupuram,Kanai  ,605301
Tamilnadu,Villupuram,Kanakkankuppam  ,604151
Tamilnadu,Villupuram,Kandadu  ,604303
Tamilnadu,Villupuram,Kandamangalam  ,605102
Tamilnadu,Villupuram,Kandambakkam  ,605401
Tamilnadu,Villupuram,Kandnamanadi  ,605401
Tamilnadu,Villupuram,Kangiyanur  ,605302
Tamilnadu,Villupuram,Kanjanur  ,605203
Tamilnadu,Villupuram,Kappai  ,604205
Tamilnadu,Villupuram,Kappalampadi  ,604201
Tamilnadu,Villupuram,Kappiyampuliyur  ,605601
Tamilnadu,Villupuram,Kappur  ,605301
Tamilnadu,Villupuram,Karai  ,605201
Tamilnadu,Villupuram,Karattai  ,604154
Tamilnadu,Villupuram,Karnavur  ,604001
Tamilnadu,Villupuram,Karuvakshi  ,605201
Tamilnadu,Villupuram,Karuvampakkam  ,604207
Tamilnadu,Villupuram,Katrambakkam  ,605109
Tamilnadu,Villupuram,Kattalai  ,604001
Tamilnadu,Villupuram,Katterikuppam  ,605502
Tamilnadu,Villupuram,Kattusiviri  ,604207
Tamilnadu,Villupuram,Kaveripakkam  ,604001
Tamilnadu,Villupuram,Kedar  ,605402
Tamilnadu,Villupuram,Kiladanur  ,604307
Tamilnadu,Villupuram,Kiledayalam  ,604302
Tamilnadu,Villupuram,Kilinjikuppam  ,605110
Tamilnadu,Villupuram,Kiliyanur  ,604102
Tamilnadu,Villupuram,Kilmavilangai  ,604207
Tamilnadu,Villupuram,Kilsevur  ,604101
Tamilnadu,Villupuram,Kodiyam  ,604207
Tamilnadu,Villupuram,Kodukkur  ,605501
Tamilnadu,Villupuram,Kolathur  ,604301
Tamilnadu,Villupuram,Koliyanur  ,605103
Tamilnadu,Villupuram,Kollar  ,604206
Tamilnadu,Villupuram,Konai  ,604205
Tamilnadu,Villupuram,Konalur  ,605201
Tamilnadu,Villupuram,Kondangi  ,605301
Tamilnadu,Villupuram,Kongarapattu  ,604306
Tamilnadu,Villupuram,Konur  ,605301
Tamilnadu,Villupuram,Korakeni  ,605501
Tamilnadu,Villupuram,Kottapoondi  ,604201
Tamilnadu,Villupuram,Kottayampoondi  ,605203
Tamilnadu,Villupuram,Kovilporaiyur  ,604201
Tamilnadu,Villupuram,Kumarakuppam  ,605108
Tamilnadu,Villupuram,Kumulam  ,605107
Tamilnadu,Villupuram,Kundalapuliyur  ,605203
Tamilnadu,Villupuram,Kunimedu  ,604303
Tamilnadu,Villupuram,Kunnapakkam  ,604101
Tamilnadu,Villupuram,Kurunjipai  ,604205
Tamilnadu,Villupuram,Kutteripattu  ,604302
Tamilnadu,Villupuram,Lingareddpalayam  ,605107
Tamilnadu,Villupuram,Madugadipet  ,605107
Tamilnadu,Villupuram,Madurapakkam  ,605501
Tamilnadu,Villupuram,Mahadevimangalam  ,604210
Tamilnadu,Villupuram,Mailam  ,604304
Tamilnadu,Villupuram,Mambazhapattu  ,605302
Tamilnadu,Villupuram,Manalapadi  ,604151
Tamilnadu,Villupuram,Manandal  ,604204
Tamilnadu,Villupuram,Mandava  ,604303
Tamilnadu,Villupuram,Maragadhapuram  ,605401
Tamilnadu,Villupuram,Markanum  ,604303
Tamilnadu,Villupuram,Markonam  ,604208
Tamilnadu,Villupuram,Melacheri  ,604202
Tamilnadu,Villupuram,Melathipakkam  ,604207
Tamilnadu,Villupuram,Meledayalam  ,604202
Tamilnadu,Villupuram,Melkaranai  ,605202
Tamilnadu,Villupuram,Melmalayanur  ,604204
Tamilnadu,Villupuram,Melmannur  ,604208
Tamilnadu,Villupuram,Melolakkur  ,604203
Tamilnadu,Villupuram,Melpathi  ,605103
Tamilnadu,Villupuram,Melpettai  ,604307
Tamilnadu,Villupuram,Melsevalambadi  ,604204
Tamilnadu,Villupuram,Melsevur  ,604306
Tamilnadu,Villupuram,Melsithamur  ,604206
Tamilnadu,Villupuram,Melvailamur  ,604201
Tamilnadu,Villupuram,Mettupalayam  ,605105
Tamilnadu,Villupuram,Minambur  ,604205
Tamilnadu,Villupuram,Modaiyur  ,604206
Tamilnadu,Villupuram,Mokshakulam  ,605105
Tamilnadu,Villupuram,Molasur  ,604102
Tamilnadu,Villupuram,Mundiyambakkam  ,605601
Tamilnadu,Villupuram,Munnur  ,604301
Tamilnadu,Villupuram,Muppuli  ,604302
Tamilnadu,Villupuram,Muttathur  ,605203
Tamilnadu,Villupuram,Nadukuppam  ,604303
Tamilnadu,Villupuram,Naduvanthangal  ,604207
Tamilnadu,Villupuram,Nagar  ,604301
Tamilnadu,Villupuram,Nallanpillaipetral  ,604152
Tamilnadu,Villupuram,Nallathur  ,604307
Tamilnadu,Villupuram,Nallavur  ,604154
Tamilnadu,Villupuram,Nangathur  ,605202
Tamilnadu,Villupuram,Nanndu  ,605301
Tamilnadu,Villupuram,Naraiyur  ,605108
Tamilnadu,Villupuram,Naranamangalam  ,604201
Tamilnadu,Villupuram,Nayambadi  ,604151
Tamilnadu,Villupuram,Nedimoliyanur  ,604306
Tamilnadu,Villupuram,Neganur  ,604202
Tamilnadu,Villupuram,Nemur  ,605203
Tamilnadu,Villupuram,Nochalur  ,604201
Tamilnadu,Villupuram,Nolambur  ,604307
Tamilnadu,Villupuram,Odiampet  ,605110
Tamilnadu,Villupuram,Olagapuram  ,604154
Tamilnadu,Villupuram,Olakkur  ,604305
Tamilnadu,Villupuram,Olundiapet  ,605109
Tamilnadu,Villupuram,Omandur  ,604102
Tamilnadu,Villupuram,Omipper  ,604301
Tamilnadu,Villupuram,Ongur  ,604307
Tamilnadu,Villupuram,Orukodi  ,605301
Tamilnadu,Villupuram,P.Villiyanur  ,605105
Tamilnadu,Villupuram,Padipallam  ,604151
Tamilnadu,Villupuram,Padirapuliyur  ,604304
Tamilnadu,Villupuram,Pakkam  ,604153
Tamilnadu,Villupuram,Palakuppam  ,604001
Tamilnadu,Villupuram,Palapadi  ,604153
Tamilnadu,Villupuram,Palapattu  ,604205
Tamilnadu,Villupuram,Palayam  ,605107
Tamilnadu,Villupuram,Palliandur  ,605402
Tamilnadu,Villupuram,Pallikulam  ,604203
Tamilnadu,Villupuram,Pallineliyanur  ,605107
Tamilnadu,Villupuram,Pallithennal  ,605102
Tamilnadu,Villupuram,Panamalai  ,605201
Tamilnadu,Villupuram,Panampattu  ,605103
Tamilnadu,Villupuram,Panchalam  ,604307
Tamilnadu,Villupuram,Pankolathur  ,604101
Tamilnadu,Villupuram,Pennangar  ,604210
Tamilnadu,Villupuram,Peramandur  ,604302
Tamilnadu,Villupuram,Periyababusamudram  ,605102
Tamilnadu,Villupuram,Periyanmur  ,604151
Tamilnadu,Villupuram,Periyanolambai  ,604204
Tamilnadu,Villupuram,Perumbakkam  ,604304
Tamilnadu,Villupuram,Perumbakkam  ,605301
Tamilnadu,Villupuram,Perumukkal  ,604301
Tamilnadu,Villupuram,Perungappur  ,604151
Tamilnadu,Villupuram,Peruvalur  ,604208
Tamilnadu,Villupuram,Pidagam  ,605401
Tamilnadu,Villupuram,Pillur  ,605103
Tamilnadu,Villupuram,Ponnankuppam  ,605201
Tamilnadu,Villupuram,Poovarasankuppam  ,605105
Tamilnadu,Villupuram,Porur  ,605202
Tamilnadu,Villupuram,Poyyapakkam  ,605103
Tamilnadu,Villupuram,Pudupakkam  ,604303
Tamilnadu,Villupuram,Pulichapllam  ,605109
Tamilnadu,Villupuram,Puranasingupalayam  ,605107
Tamilnadu,Villupuram,Radhhapuram  ,605501
Tamilnadu,Villupuram,Rampakkam  ,605105
Tamilnadu,Villupuram,Rettanai  ,604306
Tamilnadu,Villupuram,Salayampalayam  ,605108
Tamilnadu,Villupuram,Sangeethamangalam  ,605202
Tamilnadu,Villupuram,Saram ( Tindivanam )  ,604307
Tamilnadu,Villupuram,Sathambadi  ,604204
Tamilnadu,Villupuram,Sathyamagalam  ,604153
Tamilnadu,Villupuram,Semangalam  ,605109
Tamilnadu,Villupuram,Semmedu  ,604153
Tamilnadu,Villupuram,Sepettai  ,604152
Tamilnadu,Villupuram,Serndanur  ,605103
Tamilnadu,Villupuram,Seshangur  ,605501
Tamilnadu,Villupuram,Sevalapuri  ,604202
Tamilnadu,Villupuram,Sholangunam  ,604210
Tamilnadu,Villupuram,Singanur  ,604001
Tamilnadu,Villupuram,Siruthalaipoondi  ,604204
Tamilnadu,Villupuram,Siruvadi  ,604301
Tamilnadu,Villupuram,Siruvalai  ,605402
Tamilnadu,Villupuram,Sokuppam  ,604153
Tamilnadu,Villupuram,Sorapattu  ,605501
Tamilnadu,Villupuram,Suthukeni  ,605502
Tamilnadu,Villupuram,Teli  ,605302
Tamilnadu,Villupuram,Thadagam  ,604152
Tamilnadu,Villupuram,Thailapuram  ,604102
Tamilnadu,Villupuram,Thaiyur  ,604205
Tamilnadu,Villupuram,Thalangadu  ,604303
Tamilnadu,Villupuram,Thalangunam  ,604201
Tamilnadu,Villupuram,Thalavanur  ,604205
Tamilnadu,Villupuram,Thaludali  ,604304
Tamilnadu,Villupuram,Thamanur  ,604210
Tamilnadu,Villupuram,Thandavasamudram  ,604151
Tamilnadu,Villupuram,Thaniyal  ,604207
Tamilnadu,Villupuram,Thayanur  ,604204
Tamilnadu,Villupuram,Thenkalavoy  ,604302
Tamilnadu,Villupuram,Thenkodipakkam  ,604102
Tamilnadu,Villupuram,Thenpalai  ,604151
Tamilnadu,Villupuram,Thenpasiyar  ,604001
Tamilnadu,Villupuram,Thenputhur  ,604306
Tamilnadu,Villupuram,Thensiruvalur  ,604102
Tamilnadu,Villupuram,Theppirampattu  ,604204
Tamilnadu,Villupuram,Thirubuvanai  ,605107
Tamilnadu,Villupuram,Thiruvamathr  ,605402
Tamilnadu,Villupuram,Thiruvampattu  ,604205
Tamilnadu,Villupuram,Thiruvandarkoil  ,605102
Tamilnadu,Villupuram,Thiruvathikunnam  ,604205
Tamilnadu,Villupuram,Thiurvakkarai  ,604304
Tamilnadu,Villupuram,Thondamanatham  ,605502
Tamilnadu,Villupuram,Thorapadi  ,604204
Tamilnadu,Villupuram,Tindivanam  ,604001
Tamilnadu,Villupuram,Tindivanam Bazaar  ,604001
Tamilnadu,Villupuram,Tindivanam East  ,604001
Tamilnadu,Villupuram,Tindivanam West  ,604001
Tamilnadu,Villupuram,Tiruchitambalam  ,605111
Tamilnadu,Villupuram,Tirumangalam  ,605501
Tamilnadu,Villupuram,Tirupachanur  ,605103
Tamilnadu,Villupuram,Tivanur  ,604206
Tamilnadu,Villupuram,Ural  ,604001
Tamilnadu,Villupuram,V.Budur  ,605108
Tamilnadu,Villupuram,V.Mathur  ,605107
Tamilnadu,Villupuram,V.Mathur  ,605201
Tamilnadu,Villupuram,V.Nerkunam  ,605501
Tamilnadu,Villupuram,V.Parangani  ,605109
Tamilnadu,Villupuram,Vadanerkunam  ,604301
Tamilnadu,Villupuram,Vadapalai  ,604204
Tamilnadu,Villupuram,Vaidapakkam  ,604301
Tamilnadu,Villupuram,Vairapuram  ,604207
Tamilnadu,Villupuram,Vakkur  ,605501
Tamilnadu,Villupuram,Valathi  ,604208
Tamilnadu,Villupuram,Valavanur  ,605108
Tamilnadu,Villupuram,Vallam  ,604206
Tamilnadu,Villupuram,Valudareddy  ,605401
Tamilnadu,Villupuram,Valudavur  ,605502
Tamilnadu,Villupuram,Vanur  ,605109
Tamilnadu,Villupuram,Velanthangal  ,604152
Tamilnadu,Villupuram,Veliyanur  ,604304
Tamilnadu,Villupuram,Vellimeudpettai  ,604207
Tamilnadu,Villupuram,Velur (SA)  ,604154
Tamilnadu,Villupuram,Vembi  ,605203
Tamilnadu,Villupuram,Vengandur  ,604306
Tamilnadu,Villupuram,Vengandur  ,605402
Tamilnadu,Villupuram,Venkatadri  Agaram  ,605105
Tamilnadu,Villupuram,Vilukkam  ,604206
Tamilnadu,Villupuram,Viramur  ,605402
Tamilnadu,Villupuram,Viranamur  ,604203
Tamilnadu,Cuddalore,A.Kuravankuppam ,607802
Tamilnadu,Cuddalore,Adari ,606304
Tamilnadu,Cuddalore,Adinarayananpuram ,608801
Tamilnadu,Cuddalore,Adur Agaram ,607302
Tamilnadu,Cuddalore,Agara Alambadi ,608702
Tamilnadu,Cuddalore,Agaram ,608502
Tamilnadu,Cuddalore,Akkadavalli ,607205
Tamilnadu,Cuddalore,Akkanur ,606106
Tamilnadu,Cuddalore,Akkarai Gori ,607003
Tamilnadu,Cuddalore,Alagaperumalkuppam ,607101
Tamilnadu,Cuddalore,Alaginatham ,607109
Tamilnadu,Cuddalore,Alambadi ,606108
Tamilnadu,Cuddalore,Alapakkam ,608801
Tamilnadu,Cuddalore,Alathur ,606303
Tamilnadu,Cuddalore,Alkondanatham ,608305
Tamilnadu,Cuddalore,Ambalavananpettai ,607301
Tamilnadu,Cuddalore,Ambapuram ,608704
Tamilnadu,Cuddalore,Ammapettai ,608401
Tamilnadu,Cuddalore,Ammeri ,607802
Tamilnadu,Cuddalore,Andarmullipallam ,608801
Tamilnadu,Cuddalore,Anguchettipalayam ,607110
Tamilnadu,Cuddalore,Annamalai University ,608002
Tamilnadu,Cuddalore,Annamalainagar ,608002
Tamilnadu,Cuddalore,Annavalli ,607003
Tamilnadu,Cuddalore,Anukkampattu ,607301
Tamilnadu,Cuddalore,Arangamangalam ,607302
Tamilnadu,Cuddalore,Arantangi ,608301
Tamilnadu,Cuddalore,Arasadikkuppam ,607103
Tamilnadu,Cuddalore,Ariyakoshti ,608502
Tamilnadu,Cuddalore,Athipatu ,608401
Tamilnadu,Cuddalore,Avatti ,606108
Tamilnadu,Cuddalore,Avinangudi ,606106
Tamilnadu,Cuddalore,Aviyanur ,607101
Tamilnadu,Cuddalore,Ayangudi ,608306
Tamilnadu,Cuddalore,Ayikuppam ,607301
Tamilnadu,Cuddalore,Ayyanur Akkaramangalam ,608201
Tamilnadu,Cuddalore,Azhisikudi ,608601
Tamilnadu,Cuddalore,B.Adivaraganallur ,608501
Tamilnadu,Cuddalore,B.Kolakudi ,608704
Tamilnadu,Cuddalore,B.Mutlur ,608501
Tamilnadu,Cuddalore,B.Odaiyur ,608601
Tamilnadu,Cuddalore,Badrakottai ,607102
Tamilnadu,Cuddalore,Bandarakottai ,607108
Tamilnadu,Cuddalore,Bharathi Road ,607001
Tamilnadu,Cuddalore,Bhuvanagiri ,608601
Tamilnadu,Cuddalore,"Block 1, Neyveli ",607801
Tamilnadu,Cuddalore,"Block 10,neyveli ",607801
Tamilnadu,Cuddalore,"Block 18, Neyveli ",607803
Tamilnadu,Cuddalore,"Block 24, Neyveli ",607801
Tamilnadu,Cuddalore,"Block 26, Neyveli ",607803
Tamilnadu,Cuddalore,"Block 27,. Neyveli ",607803
Tamilnadu,Cuddalore,"Block 29, Neyveli ",607807
Tamilnadu,Cuddalore,"Block 3, Neyveli ",607801
Tamilnadu,Cuddalore,"Block 5, Neyveli ",607803
Tamilnadu,Cuddalore,Budamur ,606001
Tamilnadu,Cuddalore,Budangudi ,608702
Tamilnadu,Cuddalore,Budavarayanpettai ,608601
Tamilnadu,Cuddalore,C  Keeranur ,606110
Tamilnadu,Cuddalore,C.Arasur ,608302
Tamilnadu,Cuddalore,C.Mutlur ,608102
Tamilnadu,Cuddalore,C.Pudupettai ,608502
Tamilnadu,Cuddalore,C.Sathamangalam ,608201
Tamilnadu,Cuddalore,C.Veeracholagam ,608602
Tamilnadu,Cuddalore,Capperquary ,607005
Tamilnadu,Cuddalore,Chellanchery ,605106
Tamilnadu,Cuddalore,Chettithangal ,608304
Tamilnadu,Cuddalore,Chidambaram ,608001
Tamilnadu,Cuddalore,Chidambaram ,608001
Tamilnadu,Cuddalore,Chidambaram Cutcherry ,608001
Tamilnadu,Cuddalore,Chidambaram East ,608001
Tamilnadu,Cuddalore,Chidambaram North ,608001
Tamilnadu,Cuddalore,Chidambaram West ,608001
Tamilnadu,Cuddalore,Chinnakannadi ,607302
Tamilnadu,Cuddalore,Chinnanargunam ,608704
Tamilnadu,Cuddalore,Chinnapanaickenpalayam ,607102
Tamilnadu,Cuddalore,Chinnaparur ,606104
Tamilnadu,Cuddalore,Cuddalore ,607001
Tamilnadu,Cuddalore,Cuddalore Court Buildings ,607001
Tamilnadu,Cuddalore,Cuddalore Old Town ,607003
Tamilnadu,Cuddalore,Cuddalore Ot Bazaar ,607003
Tamilnadu,Cuddalore,Cuddalore Port ,607003
Tamilnadu,Cuddalore,Cuddalore Public Offices ,607001
Tamilnadu,Cuddalore,Deevalur ,606110
Tamilnadu,Cuddalore,Dharmanallur ,606103
Tamilnadu,Cuddalore,E.Keeranur ,606106
Tamilnadu,Cuddalore,Edaiyur ,606302
Tamilnadu,Cuddalore,Edayarkuppam ,607102
Tamilnadu,Cuddalore,Elleri ,608303
Tamilnadu,Cuddalore,Elumedu ,607104
Tamilnadu,Cuddalore,Eluthur ,606303
Tamilnadu,Cuddalore,Enathirimangalam ,607108
Tamilnadu,Cuddalore,Ennanagaram ,608602
Tamilnadu,Cuddalore,Erumanur ,606001
Tamilnadu,Cuddalore,Erumbur ,608704
Tamilnadu,Cuddalore,Eyyalur ,608304
Tamilnadu,Cuddalore,Fort St.David ,607001
Tamilnadu,Cuddalore,Gandhi Nagar ,607308
Tamilnadu,Cuddalore,Gavarappattu ,608002
Tamilnadu,Cuddalore,Gopalapuram ,606103
Tamilnadu,Cuddalore,Gudalur ,606111
Tamilnadu,Cuddalore,Gudithangi ,607105
Tamilnadu,Cuddalore,Gunamangalam ,607109
Tamilnadu,Cuddalore,Gundu Uppalavadi ,607002
Tamilnadu,Cuddalore,Guruvappanpettai ,607302
Tamilnadu,Cuddalore,Idaichittur ,606104
Tamilnadu,Cuddalore,Iruppu ,607805
Tamilnadu,Cuddalore,Jayankondapattinam ,608002
Tamilnadu,Cuddalore,K.Adur ,608602
Tamilnadu,Cuddalore,K.Alambadi ,608602
Tamilnadu,Cuddalore,Kadambuliyur ,607103
Tamilnadu,Cuddalore,Kalaiyur ,607109
Tamilnadu,Cuddalore,Kalinjikuppam ,607104
Tamilnadu,Cuddalore,Kalkunam ,607302
Tamilnadu,Cuddalore,Kaludur ,606304
Tamilnadu,Cuddalore,Kammapuram ,606103
Tamilnadu,Cuddalore,Kanagasabainagar ,608001
Tamilnadu,Cuddalore,Kandakumaran ,608305
Tamilnadu,Cuddalore,Kandamangalam ,608301
Tamilnadu,Cuddalore,Kandrakottai ,607205
Tamilnadu,Cuddalore,Kanisapakkam ,607106
Tamilnadu,Cuddalore,Kanjankollai ,608304
Tamilnadu,Cuddalore,Kanur ,608701
Tamilnadu,Cuddalore,Kargudal ,606001
Tamilnadu,Cuddalore,Karnatham ,606104
Tamilnadu,Cuddalore,Karumbur ,607108
Tamilnadu,Cuddalore,Karunakaranallur ,608301
Tamilnadu,Cuddalore,Karunguli ,607303
Tamilnadu,Cuddalore,Karuppur ,608401
Tamilnadu,Cuddalore,Karuvepilankurichi ,606110
Tamilnadu,Cuddalore,Kathazhai ,606103
Tamilnadu,Cuddalore,Kattamuthupalayam,607205
Tamilnadu,Cuddalore,Kattugudalur ,607805
Tamilnadu,Cuddalore,Kattumailur ,606304
Tamilnadu,Cuddalore,Kattumannarkoil ,608301
Tamilnadu,Cuddalore,Kavalakudi ,608702
Tamilnadu,Cuddalore,Kavanur ,608703
Tamilnadu,Cuddalore,Keelamoongiladi ,608102
Tamilnadu,Cuddalore,Keelanuvampattu ,608102
Tamilnadu,Cuddalore,Keerapalayam ,608602
Tamilnadu,Cuddalore,Kilacheruvoi ,606106
Tamilnadu,Cuddalore,Kilakalpoondi ,606303
Tamilnadu,Cuddalore,Kilapalaiyur ,606103
Tamilnadu,Cuddalore,Kilarungunam ,607105
Tamilnadu,Cuddalore,Kilimangalam ,606105
Tamilnadu,Cuddalore,Kiliruppu ,607103
Tamilnadu,Cuddalore,Kilkangeyankuppam ,607805
Tamilnadu,Cuddalore,Kilkavarappattu ,607112
Tamilnadu,Cuddalore,Killai ,608102
Tamilnadu,Cuddalore,Kilmampattu ,607106
Tamilnadu,Cuddalore,Kilur ,607302
Tamilnadu,Cuddalore,Ko  Adhanur ,606001
Tamilnadu,Cuddalore,Ko Pavalangudi ,606104
Tamilnadu,Cuddalore,Kodukkanpalayam ,607003
Tamilnadu,Cuddalore,Kollimalai Kilpathi ,608303
Tamilnadu,Cuddalore,Kollimalai Melpathi ,608303
Tamilnadu,Cuddalore,Kollumedu ,608303
Tamilnadu,Cuddalore,Komaratchi ,608302
Tamilnadu,Cuddalore,Konankuppam ,606104
Tamilnadu,Cuddalore,Kondasamudram ,608701
Tamilnadu,Cuddalore,Kondur ,607002
Tamilnadu,Cuddalore,Kongarayanur ,607104
Tamilnadu,Cuddalore,Konur B.O,606105
Tamilnadu,Cuddalore,Korakkavadi ,606303
Tamilnadu,Cuddalore,Kosapallam ,606105
Tamilnadu,Cuddalore,Kothattai ,608501
Tamilnadu,Cuddalore,Kothattai ,606111
Tamilnadu,Cuddalore,Kothavacheri ,608601
Tamilnadu,Cuddalore,Kothavasal ,608305
Tamilnadu,Cuddalore,Kottagam ,607802
Tamilnadu,Cuddalore,Kotteri ,607804
Tamilnadu,Cuddalore,Kovilampoondi ,608002
Tamilnadu,Cuddalore,Kozhai ,608703
Tamilnadu,Cuddalore,Krishnankuppam ,607301
Tamilnadu,Cuddalore,Krishnapuram ,608602
Tamilnadu,Cuddalore,Kudimiyankuppam ,607101
Tamilnadu,Cuddalore,Kuduveli ,608305
Tamilnadu,Cuddalore,Kullanchavadi ,607301
Tamilnadu,Cuddalore,Kumarakud ,608702
Tamilnadu,Cuddalore,Kumaramangalam ,607205
Tamilnadu,Cuddalore,Kummidimulai ,608601
Tamilnadu,Cuddalore,Kunamangalam ,608703
Tamilnadu,Cuddalore,Kundiyamallur ,607301
Tamilnadu,Cuddalore,Kunjimedu ,608306
Tamilnadu,Cuddalore,Kuppanatham ,606001
Tamilnadu,Cuddalore,Kuriamangalam ,608501
Tamilnadu,Cuddalore,Kurinjipadi ,607302
Tamilnadu,Cuddalore,Lakkur ,606303
Tamilnadu,Cuddalore,Lakshminarayanapuram ,607106
Tamilnadu,Cuddalore,Lalpet ,608303
Tamilnadu,Cuddalore,Lalpuram ,608602
Tamilnadu,Cuddalore,M.Adhanur ,608304
Tamilnadu,Cuddalore,M.Kolakudi ,608301
Tamilnadu,Cuddalore,M.Odaiyur ,608303
Tamilnadu,Cuddalore,M.Pudur ,607004
Tamilnadu,Cuddalore,M.Puliyangudi ,608302
Tamilnadu,Cuddalore,Ma Podaiyur ,606108
Tamilnadu,Cuddalore,Madanagopalapuram ,607301
Tamilnadu,Cuddalore,Maduranthaganallur ,608201
Tamilnadu,Cuddalore,Malayanur ,606108
Tamilnadu,Cuddalore,Maligaimedu ,607112
Tamilnadu,Cuddalore,Maligampattu ,607106
Tamilnadu,Cuddalore,Mamangalam ,608701
Tamilnadu,Cuddalore,Manamthavizhnthaputhur ,607101
Tamilnadu,Cuddalore,Manavalanallur ,606001
Tamilnadu,Cuddalore,Mangalam ,606104
Tamilnadu,Cuddalore,Mangalur ,606108
Tamilnadu,Cuddalore,Maniadur ,608303
Tamilnadu,Cuddalore,Manikollai ,608501
Tamilnadu,Cuddalore,Manjakkuppam ,607001
Tamilnadu,Cuddalore,Manjakollai ,608601
Tamilnadu,Cuddalore,Manjakuli ,608501
Tamilnadu,Cuddalore,Mariappanagar ,608002
Tamilnadu,Cuddalore,Mariasusainagar ,607001
Tamilnadu,Cuddalore,Marudadu ,607109
Tamilnadu,Cuddalore,Marudur ,608704
Tamilnadu,Cuddalore,Marungur ,608703
Tamilnadu,Cuddalore,Marungur ,607103
Tamilnadu,Cuddalore,Maruvai ,607303
Tamilnadu,Cuddalore,Mathalapattu ,605007
Tamilnadu,Cuddalore,Mathur ,606001
Tamilnadu,Cuddalore,Melakadambur ,608304
Tamilnadu,Cuddalore,Melakolakudi ,607802
Tamilnadu,Cuddalore,Melakuppam ,607802
Tamilnadu,Cuddalore,Melamanakudi ,608601
Tamilnadu,Cuddalore,Melapalachanallur ,608301
Tamilnadu,Cuddalore,Melaparuthikudi ,608302
Tamilnadu,Cuddalore,Melavanniyur ,608302
Tamilnadu,Cuddalore,Melkavrapattu ,607112
Tamilnadu,Cuddalore,Melmampattu ,607103
Tamilnadu,Cuddalore,Melpathi ,607105
Tamilnadu,Cuddalore,Melpattambakkam ,607104
Tamilnadu,Cuddalore,Melur ,606111
Tamilnadu,Cuddalore,Mettukkuppam ,607802
Tamilnadu,Cuddalore,Miralur ,608601
Tamilnadu,Cuddalore,Mogaiyur ,608305
Tamilnadu,Cuddalore,Moolakuppam ,607303
Tamilnadu,Cuddalore,Movur ,608306
Tamilnadu,Cuddalore,Mudanai ,607804
Tamilnadu,Cuddalore,Mudapuli ,607805
Tamilnadu,Cuddalore,Mudikandanallur ,608702
Tamilnadu,Cuddalore,Mukhasaparur ,606120
Tamilnadu,Cuddalore,Mullangudi ,608302
Tamilnadu,Cuddalore,Murugangudi ,606105
Tamilnadu,Cuddalore,Muttam ,608306
Tamilnadu,Cuddalore,N. Naraiyur ,606304
Tamilnadu,Cuddalore,N.Moolakuppam ,607102
Tamilnadu,Cuddalore,Nadukkuppam ,607103
Tamilnadu,Cuddalore,Naduveerappattu ,607102
Tamilnadu,Cuddalore,Nagar ,606302
Tamilnadu,Cuddalore,Nagarapadi ,608703
Tamilnadu,Cuddalore,Nakkaravanthankudi ,608002
Tamilnadu,Cuddalore,Nallathur ,605106
Tamilnadu,Cuddalore,Nallur ,606302
Tamilnadu,Cuddalore,Nandesswaramangalam ,608702
Tamilnadu,Cuddalore,Nangudi ,608702
Tamilnadu,Cuddalore,Nanjalur ,608302
Tamilnadu,Cuddalore,Nanjamahathuvazkai ,608102
Tamilnadu,Cuddalore,Natham ,607101
Tamilnadu,Cuddalore,Nathapattu ,607109
Tamilnadu,Cuddalore,Nattarmangalam ,608301
Tamilnadu,Cuddalore,Nellikkuppam ,607105
Tamilnadu,Cuddalore,Nellikkuppam East ,607105
Tamilnadu,Cuddalore,Nellikuppam Bazaar ,607105
Tamilnadu,Cuddalore,Neyvasal ,608303
Tamilnadu,Cuddalore,Neyveli 1 ,607801
Tamilnadu,Cuddalore,Neyveli 2 ,607802
Tamilnadu,Cuddalore,Neyveli 3 ,607803
Tamilnadu,Cuddalore,Neyveli General Hospital ,607803
Tamilnadu,Cuddalore,Neyveli Ii Thermal Station ,607807
Tamilnadu,Cuddalore,Neyveli Second Mines ,607802
Tamilnadu,Cuddalore,Neyveli Thermal Bus Stand ,607807
Tamilnadu,Cuddalore,Nithinatham ,606304
Tamilnadu,Cuddalore,Odakkanallur ,608201
Tamilnadu,Cuddalore,Odappankuppam ,607805
Tamilnadu,Cuddalore,Omampuliyur ,608306
Tamilnadu,Cuddalore,Oomangalam ,607804
Tamilnadu,Cuddalore,Oraiyur ,607108
Tamilnadu,Cuddalore,Orangur ,606108
Tamilnadu,Cuddalore,Orathur ,608201
Tamilnadu,Cuddalore,Ottimedu ,606103
Tamilnadu,Cuddalore,Pachayankuppam ,607003
Tamilnadu,Cuddalore,Padirikuppam ,607401
Tamilnadu,Cuddalore,Pagandai ,607112
Tamilnadu,Cuddalore,Palayamkottai Melpathy ,608701
Tamilnadu,Cuddalore,Palayamkottai(CDL),608701
Tamilnadu,Cuddalore,Palayapattinam ,606001
Tamilnadu,Cuddalore,Pali ,606104
Tamilnadu,Cuddalore,Pallavarayanatham ,607102
Tamilnadu,Cuddalore,Palur ,607102
Tamilnadu,Cuddalore,Panikuppam ,607106
Tamilnadu,Cuddalore,Pannapattu ,608201
Tamilnadu,Cuddalore,Panruti ,607106
Tamilnadu,Cuddalore,Panruti Bazaar ,607106
Tamilnadu,Cuddalore,Panruti East ,607106
Tamilnadu,Cuddalore,Panruti West ,607106
Tamilnadu,Cuddalore,Paradur ,608201
Tamilnadu,Cuddalore,Parangipettai ,608502
Tamilnadu,Cuddalore,Paravalur ,606001
Tamilnadu,Cuddalore,Pasar ,606304
Tamilnadu,Cuddalore,Pelandurai ,606105
Tamilnadu,Cuddalore,Pennadam ,606111
Tamilnadu,Cuddalore,Pennadam ,606105
Tamilnadu,Cuddalore,Perambalur ,606302
Tamilnadu,Cuddalore,Perampattu ,608002
Tamilnadu,Cuddalore,Periyakappankulam ,607802
Tamilnadu,Cuddalore,Periyakomatti ,608501
Tamilnadu,Cuddalore,Periyakottumulai ,606103
Tamilnadu,Cuddalore,Periyakuppam ,608801
Tamilnadu,Cuddalore,Periyanellikkollai ,608704
Tamilnadu,Cuddalore,Periyanesalur ,606304
Tamilnadu,Cuddalore,Perperiyankuppam ,607805
Tamilnadu,Cuddalore,Perumalnaickenpalayam ,607104
Tamilnadu,Cuddalore,Perumulai ,606106
Tamilnadu,Cuddalore,Perungalur ,608305
Tamilnadu,Cuddalore,Perur ,608701
Tamilnadu,Cuddalore,Pethanaickenkuppam ,607302
Tamilnadu,Cuddalore,Pichavaram ,608002
Tamilnadu,Cuddalore,Pillaiyarthangal ,608303
Tamilnadu,Cuddalore,Pillur ,606304
Tamilnadu,Cuddalore,Pinnalur ,608704
Tamilnadu,Cuddalore,Pinnathur ,608102
Tamilnadu,Cuddalore,Ponnanthittu ,608102
Tamilnadu,Cuddalore,Poochimedu ,608801
Tamilnadu,Cuddalore,Poolambadi ,606304
Tamilnadu,Cuddalore,Poondi ,608703
Tamilnadu,Cuddalore,Poondiyankuppam ,607005
Tamilnadu,Cuddalore,Poovanikkuppam ,608801
Tamilnadu,Cuddalore,Pothiramangalam ,606111
Tamilnadu,Cuddalore,Poynapadi ,606304
Tamilnadu,Cuddalore,Pudaiyur ,608701
Tamilnadu,Cuddalore,Puduchatram ,608501
Tamilnadu,Cuddalore,Pudupalayam ,607001
Tamilnadu,Cuddalore,Pulamedu ,608302
Tamilnadu,Cuddalore,Pulavanur ,607205
Tamilnadu,Cuddalore,Puliyur ,607301
Tamilnadu,Cuddalore,Puthupet (CDL) ,607108
Tamilnadu,Cuddalore,Puvalai ,608601
Tamilnadu,Cuddalore,Puvanur ,606104
Tamilnadu,Cuddalore,Pythambadi ,607101
Tamilnadu,Cuddalore,Rajendra Cholagam ,608301
Tamilnadu,Cuddalore,Rajendra Pattinam ,608703
Tamilnadu,Cuddalore,Ramapuram ,607003
Tamilnadu,Cuddalore,Ramapuram ,608701
Tamilnadu,Cuddalore,Reddichavadi ,607402
Tamilnadu,Cuddalore,Reddiyur ,608304
Tamilnadu,Cuddalore,Rettakurichi ,606304
Tamilnadu,Cuddalore,Sakkangudi ,608201
Tamilnadu,Cuddalore,Salianthoppu ,608401
Tamilnadu,Cuddalore,Samattikuppam ,607301
Tamilnadu,Cuddalore,Samiyarpettai ,608502
Tamilnadu,Cuddalore,Sangolikuppam ,607005
Tamilnadu,Cuddalore,Sathamangalam ,606001
Tamilnadu,Cuddalore,Sathanatham ,606111
Tamilnadu,Cuddalore,Sathankuppam ,607004
Tamilnadu,Cuddalore,Sathapadi ,608601
Tamilnadu,Cuddalore,Sathapadi ,606103
Tamilnadu,Cuddalore,Sathipattu ,607106
Tamilnadu,Cuddalore,Sathiyam ,606302
Tamilnadu,Cuddalore,Sathiyavadi ,606110
Tamilnadu,Cuddalore,Sathukudal ,606110
Tamilnadu,Cuddalore,Sedapalayam ,607003
Tamilnadu,Cuddalore,Seemanthottam ,607003
Tamilnadu,Cuddalore,Sellankuppam ,607003
Tamilnadu,Cuddalore,Semmandalam ,607001
Tamilnadu,Cuddalore,Semmedu ,607106
Tamilnadu,Cuddalore,Semokottai ,607106
Tamilnadu,Cuddalore,Seplanatham ,607802
Tamilnadu,Cuddalore,Seppakkam ,606302
Tamilnadu,Cuddalore,Serakuppam ,607303
Tamilnadu,Cuddalore,Sethiathope ,608702
Tamilnadu,Cuddalore,Sevveri ,606106
Tamilnadu,Cuddalore,Shandan ,608304
Tamilnadu,Cuddalore,Sholathiram ,608701
Tamilnadu,Cuddalore,Sholavalli ,607105
Tamilnadu,Cuddalore,Silambimangalam ,608801
Tamilnadu,Cuddalore,Silambinathanpettai ,607102
Tamilnadu,Cuddalore,Singirikoil ,605007
Tamilnadu,Cuddalore,Sipcot Cuddalore ,607005
Tamilnadu,Cuddalore,Sirugramam ,607101
Tamilnadu,Cuddalore,Sirukattur ,608304
Tamilnadu,Cuddalore,Sirumangalam ,606302
Tamilnadu,Cuddalore,Sirumulai ,606106
Tamilnadu,Cuddalore,Sirupakkam ,606123
Tamilnadu,Cuddalore,Siruthondamadevi ,607103
Tamilnadu,Cuddalore,Siruvathur ,607106
Tamilnadu,Cuddalore,Sithamalli ,608301
Tamilnadu,Cuddalore,Sivapuri ,608002
Tamilnadu,Cuddalore,Small Bazaar ,608502
Tamilnadu,Cuddalore,Sornavur Melpathi ,607104
Tamilnadu,Cuddalore,Sri Adivaraganallur ,608703
Tamilnadu,Cuddalore,Sri Pudur ,608703
Tamilnadu,Cuddalore,Sri Vakkaramari ,608703
Tamilnadu,Cuddalore,Srimushnam ,608703
Tamilnadu,Cuddalore,Srinedunjeri ,608703
Tamilnadu,Cuddalore,Suba Uppalavadi ,607002
Tamilnadu,Cuddalore,Subramaniyapuram ,607301
Tamilnadu,Cuddalore,Sundaravandi,607401
Tamilnadu,Cuddalore,Suravilandur ,608302
Tamilnadu,Cuddalore,T   Gopurapuram ,606001
Tamilnadu,Cuddalore,T.Nedunjeri ,608305
Tamilnadu,Cuddalore,T.Palayam ,607301
Tamilnadu,Cuddalore,Temmur ,608302
Tamilnadu,Cuddalore,Terkuviruthangam ,608305
Tamilnadu,Cuddalore,Thachur ,606303
Tamilnadu,Cuddalore,Thandavankuppam ,607802
Tamilnadu,Cuddalore,Thatchakadu ,608501
Tamilnadu,Cuddalore,Thattampalayam ,607205
Tamilnadu,Cuddalore,Theerthanagiri ,608801
Tamilnadu,Cuddalore,Theethampalayam ,608501
Tamilnadu,Cuddalore,Therku Vadakku Puthur ,606110
Tamilnadu,Cuddalore,Thillaividangan ,608102
Tamilnadu,Cuddalore,Thiyagavalli ,608801
Tamilnadu,Cuddalore,Thokkanambakkam ,607402
Tamilnadu,Cuddalore,Thondamanatham ,607301
Tamilnadu,Cuddalore,Thoravalur ,606001
Tamilnadu,Cuddalore,Thottikuppam ,606001
Tamilnadu,Cuddalore,Tirukandeeswaram ,607105
Tamilnadu,Cuddalore,Tirumanikuzhi ,607401
Tamilnadu,Cuddalore,Tirunaraiyur ,608303
Tamilnadu,Cuddalore,Tirupadiripuliyur ,607002
Tamilnadu,Cuddalore,Tiruppadiripuliyur Bazaar ,607002
Tamilnadu,Cuddalore,Tiruppadiripuliyur West ,607002
Tamilnadu,Cuddalore,Tiruthuraiyur ,607205
Tamilnadu,Cuddalore,Tiruvamur,607106
Tamilnadu,Cuddalore,Tiruvatigai ,607106
Tamilnadu,Cuddalore,Tiruvattathurai ,606111
Tamilnadu,Cuddalore,Tiruvendhipuram ,607401
Tamilnadu,Cuddalore,Tittagudi ,606106
Tamilnadu,Cuddalore,Tolar ,606111
Tamilnadu,Cuddalore,Toludur ,606303
Tamilnadu,Cuddalore,U  Agaram ,607804
Tamilnadu,Cuddalore,Udayargudi ,608301
Tamilnadu,Cuddalore,Uthamacholamangalam ,608002
Tamilnadu,Cuddalore,Uttangal ,607804
Tamilnadu,Cuddalore,Vadakkumangudi ,608401
Tamilnadu,Cuddalore,Vadakkupalayam ,608701
Tamilnadu,Cuddalore,Vadakkuvelur ,607802
Tamilnadu,Cuddalore,Vadakuthu ,607303
Tamilnadu,Cuddalore,Vadalur ,607303
Tamilnadu,Cuddalore,Vadathalaikulam ,608704
Tamilnadu,Cuddalore,Vagaiyur ,606106
Tamilnadu,Cuddalore,Vaithianathapuram ,606303
Tamilnadu,Cuddalore,Vaiyur ,608401
Tamilnadu,Cuddalore,Vakkur ,608201
Tamilnadu,Cuddalore,Valakollai ,608702
Tamilnadu,Cuddalore,Valasakkadu ,608701
Tamilnadu,Cuddalore,Valayamadevi ,608704
Tamilnadu,Cuddalore,Valisodanaipalayam ,607003
Tamilnadu,Cuddalore,Vallam ,607805
Tamilnadu,Cuddalore,Vallampadugai ,608401
Tamilnadu,Cuddalore,Vallimaduram ,606108
Tamilnadu,Cuddalore,Valudalampattu ,607301
Tamilnadu,Cuddalore,Vanamadevi ,607105
Tamilnadu,Cuddalore,Vanamadevi ,608701
Tamilnadu,Cuddalore,Vanathirayapuram ,607303
Tamilnadu,Cuddalore,Vandipalayam ,607004
Tamilnadu,Cuddalore,Vannaiyur ,608302
Tamilnadu,Cuddalore,Vanpakkam ,607105
Tamilnadu,Cuddalore,Varakalpattu,607109
Tamilnadu,Cuddalore,Varambanur ,606302
Tamilnadu,Cuddalore,Varinjipakkam ,607205
Tamilnadu,Cuddalore,Vasanankuppam ,607301
Tamilnadu,Cuddalore,Vasantharayanpalayam,607003
Tamilnadu,Cuddalore,Vattathur ,608702
Tamilnadu,Cuddalore,Vayalur ,608602
Tamilnadu,Cuddalore,Veeramudayanatham ,608702
Tamilnadu,Cuddalore,Veeranandapuram,608301
Tamilnadu,Cuddalore,Veerraperumanallur ,607101
Tamilnadu,Cuddalore,Vehakollai ,607302
Tamilnadu,Cuddalore,Vellakarai ,607003
Tamilnadu,Cuddalore,Vellapakkam ,607109
Tamilnadu,Cuddalore,Venganur ,606303
Tamilnadu,Cuddalore,Venkatampettai ,607302
Tamilnadu,Cuddalore,Venugopalapuram ,607001
Tamilnadu,Cuddalore,Veppur ,606304
Tamilnadu,Cuddalore,Vijayamanagaram ,606104
Tamilnadu,Cuddalore,Vilagam ,608305
Tamilnadu,Cuddalore,Vilangattur ,606302
Tamilnadu,Cuddalore,Villiyanallur ,608501
Tamilnadu,Cuddalore,Vilvarayanatham ,607001
Tamilnadu,Cuddalore,Virupakshi ,607302
Tamilnadu,Cuddalore,Visoor ,607805
Tamilnadu,Cuddalore,Vriddhachalam ,606001
Tamilnadu,Cuddalore,Vriddhachalam Bazaar ,606001
Tamilnadu,Cuddalore,Vriddhachalam Cutchery ,606001
Tamilnadu,Erode,Alampalayam B.O,638105
Tamilnadu,Erode,Bellampatti B.O,638702
Tamilnadu,Erode,Devarajapattinam B.O,638702
Tamilnadu,Erode,Emmammpoondi B.O,638460
Tamilnadu,Erode,Kambiliampatti B.O,638706
Tamilnadu,Erode,Kokkampalayam B.O,638702
Tamilnadu,Erode,Kundadam S.O,638702
Tamilnadu,Erode,Mangalapatti B.O,638105
Tamilnadu,Erode,Muthugoundenpalayam B.O,638702
Tamilnadu,Erode,Muthur S.O,638105
Tamilnadu,Erode,Nallimadam B.O,638706
Tamilnadu,Erode,Nochipalayam B.O,638706
Tamilnadu,Erode,Olalakoil B.O,638460
Tamilnadu,Erode,Pothampalayam B.O,638460
Tamilnadu,Erode,Pulipar B.O,638460
Tamilnadu,Erode,Punganthurai B.O,638706
Tamilnadu,Erode,Punjaithamaraikulam B.O,638460
Tamilnadu,Erode,Rudravathi B.O,638702
Tamilnadu,Erode,Sadayapalayam B.O,638702
Tamilnadu,Erode,Savakattupalayam S.O,638460
Tamilnadu,Erode,Surianallur B.O,638702
Tamilnadu,Erode,Thayamapalayam S.O,638703
Tamilnadu,Erode,Vellierichal B.O,638105
Tamilnadu,Erode,Kalipalayam B.O,638661
Tamilnadu,Erode,Sirukinar B.O,638706
Tamilnadu,Erode,Vengampur B.O,638152
Tamilnadu,Erode,Nandavanampalayam B.O,638702
Tamilnadu,Erode,Kilankundal B.O,638106
Tamilnadu,Erode,Ponnivadi B.O,638673
Tamilnadu,Erode,Achur B.O,638673
Tamilnadu,Erode,Alampalayam B.O,638661
Tamilnadu,Erode,Alangiam S.O,638656
Tamilnadu,Erode,Anangur B.O,639202
Tamilnadu,Erode,Arikkaranvalasu B.O,639201
Tamilnadu,Erode,Bagavankoil B.O,638673
Tamilnadu,Erode,Bommanallur B.O,638673
Tamilnadu,Erode,Chinnamarudur B.O,638106
Tamilnadu,Erode,Chinnaputhur B.O,638657
Tamilnadu,Erode,Chitravuthampalayam B.O,638657
Tamilnadu,Erode,Cholakkadai Street S.O,638656
Tamilnadu,Erode,Dalavoipattinam S.O,638672
Tamilnadu,Erode,Dasarapatti B.O,638657
Tamilnadu,Erode,Dharapuram Bazaar S.O,638656
Tamilnadu,Erode,Dharapuram H.O,638656
Tamilnadu,Erode,Dharapuram South B.O,638656
Tamilnadu,Erode,Edakkalpadi B.O,639202
Tamilnadu,Erode,Ellisnagar S.O,638657
Tamilnadu,Erode,Erachapadi B.O,639202
Tamilnadu,Erode,Erasinampalayam B.O,638106
Tamilnadu,Erode,Gethalrev B.O,638657
Tamilnadu,Erode,Govindapuram B.O,638657
Tamilnadu,Erode,Hanumanthapuram B.O,638656
Tamilnadu,Erode,Kallivalasu B.O,638657
Tamilnadu,Erode,Kannivadi B.O,639202
Tamilnadu,Erode,Karaiyur B.O,638661
Tamilnadu,Erode,Kolathupalayam S.O,638661
Tamilnadu,Erode,Kolinjivadi S.O,638673
Tamilnadu,Erode,Komarapalayam B.O,638106
Tamilnadu,Erode,Koneripatti B.O,638673
Tamilnadu,Erode,Kottaimulanur B.O,638106
Tamilnadu,Erode,Kullaipalayam B.O,638657
Tamilnadu,Erode,Malamedu B.O,639201
Tamilnadu,Erode,Mambadi B.O,638106
Tamilnadu,Erode,Manakadavu B.O,638673
Tamilnadu,Erode,Mettuvalasu B.O,638661
Tamilnadu,Erode,Mulanur S.O,638106
Tamilnadu,Erode,Nagalingapuram B.O,638660
Tamilnadu,Erode,Nallampalayam B.O,638661
Tamilnadu,Erode,Nanjaithalaiyur S.O,639204
Tamilnadu,Erode,Nanjiampalayam B.O,638657
Tamilnadu,Erode,Nanjundapuram B.O,638657
Tamilnadu,Erode,Nathachennigoundenvalasu B.O,638106
Tamilnadu,Erode,Nathapalayam B.O,638106
Tamilnadu,Erode,Orathupalyaam B.O,638106
Tamilnadu,Erode,Pattuthurai B.O,638106
Tamilnadu,Erode,Peramium B.O,638661
Tamilnadu,Erode,Pichakalpatti B.O,638106
Tamilnadu,Erode,Ponnapuram B.O,638657
Tamilnadu,Erode,Puliampatti B.O,638106
Tamilnadu,Erode,Rakkiavalasu B.O,638106
Tamilnadu,Erode,Rettalavalasu B.O,638661
Tamilnadu,Erode,Sankarandampalayam S.O,638706
Tamilnadu,Erode,Selampalayam B.O,638672
Tamilnadu,Erode,Semmangarai B.O,638106
Tamilnadu,Erode,Therpatti B.O,638673
Tamilnadu,Erode,Thoppampatti B.O,638657
Tamilnadu,Erode,Thottiapalayam B.O,638661
Tamilnadu,Erode,Thurambadi B.O,638106
Tamilnadu,Erode,Undarapatti B.O,638673
Tamilnadu,Erode,Vadugapatti B.O,638106
Tamilnadu,Erode,Veerajimangalam B.O,638673
Tamilnadu,Erode,Velampundi B.O,639201
Tamilnadu,Erode,Vellavavipudur B.O,638661
Tamilnadu,Erode,Nelali B.O,638660
Tamilnadu,Erode,A.Sembulichampalayam B.O,638502
Tamilnadu,Erode,Akkaraikodiveri B.O,638454
Tamilnadu,Erode,Alampalayam B.O,638501
Tamilnadu,Erode,Alathur B.O,638455
Tamilnadu,Erode,Alingiam(Gobi) B.O,638457
Tamilnadu,Erode,Alukuli B.O,638453
Tamilnadu,Erode,Ammankoil B.O,638109
Tamilnadu,Erode,Ammapettai S.O,638311
Tamilnadu,Erode,Anaipalayam B.O,638752
Tamilnadu,Erode,Anjanur(Vemandampalayam) B.O,638462
Tamilnadu,Erode,Anjur B.O,638151
Tamilnadu,Erode,Anthiyur S.O,638501
Tamilnadu,Erode,Appakudal B.O,638315
Tamilnadu,Erode,Arachalur S.O,638101
Tamilnadu,Erode,Arakkankottai B.O,638506
Tamilnadu,Erode,Arasur B.O,638454
Tamilnadu,Erode,Atavanani Hanumanpalli B.O,638101
Tamilnadu,Erode,Athani S.O,638502
Tamilnadu,Erode,Athiyur B.O,638103
Tamilnadu,Erode,Avalpundurai S.O,638115
Tamilnadu,Erode,Avudayarparai B.O,638151
Tamilnadu,Erode,Ayalur B.O,638453
Tamilnadu,Erode,Ayyampalayam B.O,638151
Tamilnadu,Erode,Ayyampalayam B.O,638455
Tamilnadu,Erode,Bargur-anthiyur B.O,638501
Tamilnadu,Erode,Basuvanapuram B.O,638503
Tamilnadu,Erode,Basuvapatti B.O,638051
Tamilnadu,Erode,Bhavani Cutcherry S.O,638301
Tamilnadu,Erode,Bhavani H.O,638301
Tamilnadu,Erode,Bhavani Kudal S.O,638301
Tamilnadu,Erode,Brahmadesam B.O,638315
Tamilnadu,Erode,Budapadi B.O,638311
Tamilnadu,Erode,Chennampatti B.O,638504
Tamilnadu,Erode,Chennimalai S.O,638051
Tamilnadu,Erode,Chikkaiah Naicker College B.O,638004
Tamilnadu,Erode,Chinnapallam B.O,638311
Tamilnadu,Erode,Chinniampalayam(Kunathur) B.O,638103
Tamilnadu,Erode,Chittode S.O,638102
Tamilnadu,Erode,Dalavaipettai S.O,638327
Tamilnadu,Erode,Dalavoipalayam B.O,638751
Tamilnadu,Erode,Dasappagoundanpudur S.O,638503
Tamilnadu,Erode,Edayankattuvalsu S.O,638009
Tamilnadu,Erode,Elathur Chettipalayam B.O,638458
Tamilnadu,Erode,Elavamalai B.O,638316
Tamilnadu,Erode,Elavanatham B.O,638101
Tamilnadu,Erode,Elumathur B.O,638104
Tamilnadu,Erode,Ennamanagalam B.O,638501
Tamilnadu,Erode,Erangattur B.O,638505
Tamilnadu,Erode,Erode Collectorate S.O,638011
Tamilnadu,Erode,Erode East S.O,638001
Tamilnadu,Erode,Erode Fort S.O,638001
Tamilnadu,Erode,Erode H.O,638001
Tamilnadu,Erode,Erode Market S.O,638001
Tamilnadu,Erode,Erode North S.O,638001
Tamilnadu,Erode,Erode Railway Colony S.O,638002
Tamilnadu,Erode,Erode South S.O,638001
Tamilnadu,Erode,Ganapathipalayam S.O,638153
Tamilnadu,Erode,Gangapuram B.O,638102
Tamilnadu,Erode,Getticheyur S.O,638110
Tamilnadu,Erode,Gettisamudram B.O,638501
Tamilnadu,Erode,Gettisamudram Colony B.O,638501
Tamilnadu,Erode,Gnanipalayam B.O,638112
Tamilnadu,Erode,Gobichettipalayam East S.O,638452
Tamilnadu,Erode,Gobichettipalayam H.O,638452
Tamilnadu,Erode,Gobichettipalayam South S.O,638476
Tamilnadu,Erode,Greynagar B.O,638056
Tamilnadu,Erode,Gudakkarai B.O,638454
Tamilnadu,Villupuram,Kakuppam,605301
Tamilnadu,Villupuram,Koliyanur,605301
Tamilnadu,Villupuram,Vandimedu,605602
Tamilnadu,Villupuram,Vazhuthareddy,605401
Tamilnadu,Erode,Guruvareddiyur S.O,638504
Tamilnadu,Erode,Guthialathur B.O,638503
Tamilnadu,Erode,Ichipalayam B.O,638151
Tamilnadu,Erode,Ingur S.O,638058
Tamilnadu,Erode,Injampalli B.O,638104
Tamilnadu,Erode,Irugalur B.O,638462
Tamilnadu,Erode,Jambai S.O,638312
Tamilnadu,Erode,Kadappanalur B.O,638311
Tamilnadu,Erode,Kadathur S.O,638466
Tamilnadu,Erode,Kadayampatti B.O,638312
Tamilnadu,Erode,Kadirampatti B.O,638107
Tamilnadu,Erode,Kadukkampalayam B.O,638476
Tamilnadu,Erode,Kagam B.O,638109
Tamilnadu,Erode,Kaikolapalayam B.O,638056
Tamilnadu,Erode,Kalbhavi B.O,638314
Tamilnadu,Erode,Kaliappampalayam B.O,638110
Tamilnadu,Erode,Kalichettipalayam B.O,638455
Tamilnadu,Erode,Kalingarayanpalayam Pudur B.O,638301
Tamilnadu,Erode,Kalingiam B.O,638453
Tamilnadu,Erode,Kalkadambur B.O,638503
Tamilnadu,Erode,Kallipatti S.O,638505
Tamilnadu,Erode,Kambiliyampatti B.O,638056
Tamilnadu,Erode,Kanagapuram B.O,638112
Tamilnadu,Erode,Kanakkampalayam B.O,638505
Tamilnadu,Erode,Kandappagoundenvalasu B.O,638051
Tamilnadu,Erode,Kandasamipalayam B.O,638109
Tamilnadu,Erode,Kandikattuvalasu B.O,638115
Tamilnadu,Erode,Kanjikovil S.O,638116
Tamilnadu,Erode,Kannadipalayam B.O,638314
Tamilnadu,Erode,Karalayam B.O,638503
Tamilnadu,Erode,Karattadipalayam S.O,638453
Tamilnadu,Erode,Karattupalayam B.O,638457
Tamilnadu,Erode,Karukkampalayam B.O,638109
Tamilnadu,Erode,Karumandisellipalayam B.O,638052
Tamilnadu,Erode,Karungalpalayam S.O,638003
Tamilnadu,Erode,Kasbapettai B.O,638115
Tamilnadu,Erode,Kasipalayam B.O,638009
Tamilnadu,Erode,Kasipalayam S.O,638454
Tamilnadu,Erode,Kasthurbagarm B.O,638101
Tamilnadu,Erode,Kasthuripalayam B.O,638751
Tamilnadu,Erode,Kavindapadi S.O,638455
Tamilnadu,Erode,Kavundichipalayam B.O,638112
Tamilnadu,Erode,Kavuthampalayam B.O,638103
Tamilnadu,Erode,Kembanaickenpalayam B.O,638503
Tamilnadu,Erode,Kesarimangalam B.O,638311
Tamilnadu,Erode,Kidarai B.O,638458
Tamilnadu,Erode,Kilwani B.O,638502
Tamilnadu,Erode,Kodiveri B.O,638503
Tamilnadu,Erode,Kodumanal B.O,638751
Tamilnadu,Erode,Kodumudi S.O,638151
Tamilnadu,Erode,Kolanalli B.O,638154
Tamilnadu,Erode,Kolappalur S.O,638456
Tamilnadu,Erode,Kolathupalayam B.O,638152
Tamilnadu,Erode,Kollampalayam B.O,638002
Tamilnadu,Erode,Komarayanur B.O,638504
Tamilnadu,Erode,Komarayeevalasu B.O,638104
Tamilnadu,Erode,Kondapanaickenpalayam B.O,638503
Tamilnadu,Erode,Kondayampalayam(Bhavani) B.O,638505
Tamilnadu,Erode,Kongarpalayam B.O,638506
Tamilnadu,Erode,Koothampalayam B.O,638751
Tamilnadu,Erode,Koothampatti B.O,638101
Tamilnadu,Erode,Koothampoondi B.O,638315
Tamilnadu,Erode,Koshanam B.O,638458
Tamilnadu,Erode,Kottupullampalayam B.O,638453
Tamilnadu,Erode,Kovilpalayam B.O,638116
Tamilnadu,Erode,Kugalur S.O,638313
Tamilnadu,Erode,Kullampalayam B.O,638476
Tamilnadu,Erode,Kummakalipalayam B.O,638457
Tamilnadu,Erode,Kunnathur S.O,638103
Tamilnadu,Erode,Kuppandampalayam B.O,638502
Tamilnadu,Erode,Kurichi B.O,638314
Tamilnadu,Erode,Kurichi-kunnathur B.O,638110
Tamilnadu,Erode,Kurumandur S.O,638457
Tamilnadu,Erode,Kurupanaickenpalayam B.O,638301
Tamilnadu,Erode,Kuthambi B.O,638055
Tamilnadu,Erode,Kuttipalayam B.O,638312
Tamilnadu,Erode,L.M.Palapalayam B.O,638455
Tamilnadu,Erode,Lakkapuram B.O,638002
Tamilnadu,Erode,Malayampalayam B.O,638154
Tamilnadu,Erode,Mannathampalayam B.O,638153
Tamilnadu,Erode,Maravapalayam B.O,638051
Tamilnadu,Erode,Mathur B.O,638314
Tamilnadu,Erode,Melapalayam S.O,638051
Tamilnadu,Erode,Mettupalayam B.O,638315
Tamilnadu,Erode,Mevani B.O,638313
Tamilnadu,Erode,Michaelpalayam B.O,638501
Tamilnadu,Erode,Minnapalayam B.O,638109
Tamilnadu,Erode,Modakurichi S.O,638104
Tamilnadu,Erode,Morattupalayam B.O,638752
Tamilnadu,Erode,Mukasi Hanumanpalli B.O,638101
Tamilnadu,Erode,Mukasipidariyur B.O,638051
Tamilnadu,Erode,Mukasipudur B.O,638314
Tamilnadu,Erode,Mulapalayam B.O,638002
Tamilnadu,Erode,Mullampatti B.O,638107
Tamilnadu,Erode,Murali B.O,638504
Tamilnadu,Erode,Murungatholuvu B.O,638051
Tamilnadu,Erode,Muthayeepalayam B.O,638153
Tamilnadu,Erode,Mylambadi B.O,638314
Tamilnadu,Erode,Nadupatti B.O,638056
Tamilnadu,Erode,Nagadevampalayam B.O,638476
Tamilnadu,Erode,Nagalur B.O,638502
Tamilnadu,Erode,Nallampatti B.O,638057
Tamilnadu,Erode,Nambiyur S.O,638458
Tamilnadu,Erode,Nanjagoundenpalayam B.O,638476
Tamilnadu,Erode,Nanjai Puliampatti B.O,638506
Tamilnadu,Erode,Nanjai Uttukuli B.O,638104
Tamilnadu,Erode,Nasiyanur S.O,638107
Tamilnadu,Erode,Nathagoundenpalayam B.O,638115
Tamilnadu,Erode,Nerinjipettai B.O,638311
Tamilnadu,Erode,Nichampalayam B.O,638055
Tamilnadu,Erode,Odathurai B.O,638455
Tamilnadu,Erode,Odayagoundenpalayam B.O,638454
Tamilnadu,Erode,Olagadam S.O,638314
Tamilnadu,Erode,Olapalayam B.O,638052
Tamilnadu,Erode,Oricheri B.O,638315
Tamilnadu,Erode,Pachampalayam B.O,638314
Tamilnadu,Erode,Palakarai B.O,638057
Tamilnadu,Erode,Palakuttaipattipudur B.O,638504
Tamilnadu,Erode,Pallagoundenpalayam B.O,638056
Tamilnadu,Erode,Pallapalayam B.O,638116
Tamilnadu,Erode,Palliyuthu B.O,638101
Tamilnadu,Erode,Pandiampalayam B.O,638455
Tamilnadu,Erode,Pappampalayam B.O,638007
Tamilnadu,Erode,Pappampalayam B.O,638055
Tamilnadu,Erode,Pariyur Vellalapalayam B.O,638476
Tamilnadu,Erode,Paruvachi B.O,638312
Tamilnadu,Erode,Pasur S.O,638154
Tamilnadu,Erode,Patlur B.O,638314
Tamilnadu,Erode,Pattakaranpalayam B.O,638057
Tamilnadu,Erode,Pattimaniakaranpalayam B.O,638462
Tamilnadu,Erode,Peria Agraharam S.O,638005
Tamilnadu,Erode,Peria Semur B.O,638004
Tamilnadu,Erode,Periapuliyur B.O,638455
Tamilnadu,Erode,Periavattam B.O,638151
Tamilnadu,Erode,Periaveerasangli B.O,638056
Tamilnadu,Erode,Periyavettuvapalayam B.O,638052
Tamilnadu,Erode,Perode B.O,638102
Tamilnadu,Erode,Perumugaipudur B.O,638505
Tamilnadu,Erode,Perundalaiyur B.O,638315
Tamilnadu,Erode,Perundur R.S. B.O,638052
Tamilnadu,Erode,Perundurai S.O,638052
Tamilnadu,Erode,Perundurai Sanitorium S.O,638053
Tamilnadu,Erode,Perundurai West S.O,638052
Tamilnadu,Erode,Pethampalayam B.O,638116
Tamilnadu,Erode,Pichandampalayam B.O,638052
Tamilnadu,Erode,Polavakalipalayam B.O,638476
Tamilnadu,Erode,Polavapalayam B.O,638458
Tamilnadu,Erode,Ponmudi B.O,638056
Tamilnadu,Erode,Pudukkaraipudur B.O,638313
Tamilnadu,Erode,Pudupalayam S.O,638476
Tamilnadu,Erode,Pudur B.O,638002
Tamilnadu,Erode,Pullappanaickenpalayam B.O,638506
Tamilnadu,Erode,Pundurai Semur B.O,638115
Tamilnadu,Erode,Pungambadi B.O,638112
Tamilnadu,Erode,Punjaipalatholuvu B.O,638751
Tamilnadu,Erode,Punjaithuraiyampalayam S.O,638512
Tamilnadu,Erode,Punnam B.O,638312
Tamilnadu,Erode,Purappalikattuvalasu B.O,638104
Tamilnadu,Erode,Ramalingapuram B.O,638051
Tamilnadu,Erode,Ramanathapuram Pudur B.O,638005
Tamilnadu,Erode,Rangampalayam B.O,638009
Tamilnadu,Erode,Rasampalayam B.O,638151
Tamilnadu,Erode,Reddipalayam B.O,638504
Tamilnadu,Erode,Sakthinagar S.O,638315
Tamilnadu,Erode,Salaipudur B.O,638151
Tamilnadu,Erode,Salangapalayam B.O,638455
Tamilnadu,Erode,Sanarpalayam B.O,638051
Tamilnadu,Erode,Sankarapalayam B.O,638501
Tamilnadu,Erode,Sanyasipatti B.O,638311
Tamilnadu,Erode,Satamugai B.O,638503
Tamilnadu,Erode,Sathyamangalam Road S.O,638003
Tamilnadu,Erode,Guruvareddiyur S.O,638504
Tamilnadu,Kanyakumari,Adaikkakuzhi,629153
Tamilnadu,Kanyakumari,Agateeswaram,629701
Tamilnadu,Kanyakumari,Alagiamandapam,629167
Tamilnadu,Kanyakumari,Alampara,629170
Tamilnadu,Kanyakumari,Alanchi,629159
Tamilnadu,Kanyakumari,Alancholai,629101
Tamilnadu,Kanyakumari,Alancode,629802
Tamilnadu,Kanyakumari,Aloor,629801
Tamilnadu,Kanyakumari,Ammandivilai,629204
Tamilnadu,Kanyakumari,Anandanadarkudy,629201
Tamilnadu,Kanyakumari,Andirapuram,629851
Tamilnadu,Kanyakumari,Anducode,629168
Tamilnadu,Kanyakumari,Anjugramam,629401
Tamilnadu,Villupuram,Kakuppam,605301
Tamilnadu,Villupuram,Koliyanur,605301
Tamilnadu,Villupuram,Panampattu,605301
Tamilnadu,Villupuram,Vandimedu,605602
Tamilnadu,Villupuram,Vazhuthareddy,605401
Tamilnadu,Tiruvannamalai,chetpet,606902
Tamilnadu,Tiruvannamalai,Arani,632317
Tamilnadu,Tiruvannamalai,Chengam,606701
Tamilnadu,Dharmapuri,Vennampatti,636701
Tamilnadu,DINDIGUL,Soolapuram B.O,639203
Tamilnadu,DINDIGUL,19 Pudur B.O,624614
Tamilnadu,DINDIGUL,A.Nadupatti B.O,624302
Tamilnadu,DINDIGUL,Achanampatti B.O,624702
Tamilnadu,DINDIGUL,Adalur B.O,624212
Tamilnadu,DINDIGUL,Adiyanuthu B.O,624003
Tamilnadu,DINDIGUL,Agaram B.O,624709
Tamilnadu,DINDIGUL,Alagapuri B.O,624710
Tamilnadu,DINDIGUL,Alamarathupatti B.O,624303
Tamilnadu,DINDIGUL,Alambadi B.O,624620
Tamilnadu,DINDIGUL,Alambadimines B.O,624703
Tamilnadu,DINDIGUL,Amarapundi B.O,624613
Tamilnadu,DINDIGUL,Ambathurai B.O,624302
Tamilnadu,DINDIGUL,Ambathurai R.S S.O,624302
Tamilnadu,DINDIGUL,Ambilikai S.O,624612
Tamilnadu,DINDIGUL,Ammapatti B.O,624206
Tamilnadu,DINDIGUL,Ammapatti B.O,624622
Tamilnadu,DINDIGUL,Ammayanaickanur S.O,624201
Tamilnadu,DINDIGUL,Anaipatti B.O,624219
Tamilnadu,DINDIGUL,Anaipatti B.O,624620
Tamilnadu,DINDIGUL,Andipatti B.O,624621
Tamilnadu,DINDIGUL,Angunagar S.O,624001
Tamilnadu,DINDIGUL,Anjukulipatti B.O,624308
Tamilnadu,DINDIGUL,Appanuthu B.O,624617
Tamilnadu,DINDIGUL,Aranmanaivalasu B.O,624616
Tamilnadu,DINDIGUL,Arasappapillaipatti B.O,624619
Tamilnadu,DINDIGUL,Athikombai B.O,624619
Tamilnadu,DINDIGUL,Attur S.O,624701
Tamilnadu,DINDIGUL,Avichipatti B.O,624401
Tamilnadu,DINDIGUL,Avilipatti B.O,624304
Tamilnadu,DINDIGUL,Ayakudi S.O,624613
Tamilnadu,DINDIGUL,Ayyalur S.O,624801
Tamilnadu,DINDIGUL,Ayyankottai B.O,624211
Tamilnadu,DINDIGUL,Balakrishnapurampudur S.O,624005
Tamilnadu,DINDIGUL,Balasamudram S.O,624610
Tamilnadu,DINDIGUL,Batlagundu Bazar S.O,624202
Tamilnadu,DINDIGUL,Batlagundu S.O,624202
Tamilnadu,DINDIGUL,Begampur S.O,624002
Tamilnadu,DINDIGUL,Bharathipuram S.O,624003
Tamilnadu,DINDIGUL,Bodikamanvadi B.O,624708
Tamilnadu,DINDIGUL,Boduvarpatti B.O,624614
Tamilnadu,DINDIGUL,Bojanampatti B.O,624802
Tamilnadu,DINDIGUL,Boothagudi B.O,624402
Tamilnadu,DINDIGUL,Chatirapatti B.O,624620
Tamilnadu,DINDIGUL,Chatrapatti S.O,624614
Tamilnadu,DINDIGUL,Chettiapatti S.O,624314
Tamilnadu,DINDIGUL,Chinnakalayamputhur B.O,624615
Tamilnadu,DINDIGUL,Chinnakkampatti B.O,624712
Tamilnadu,DINDIGUL,Chinnalapatti S.O,624301
Tamilnadu,DINDIGUL,Chinnamandavadi B.O,624612
Tamilnadu,DINDIGUL,Chittoor B.O,624702
Tamilnadu,DINDIGUL,D.Gudalur B.O,624620
Tamilnadu,DINDIGUL,Dasaripatti B.O,624614
Tamilnadu,DINDIGUL,Devarappanpatti B.O,624204
Tamilnadu,DINDIGUL,Devathur B.O,624614
Tamilnadu,DINDIGUL,Dharmathupatti S.O,624714
Tamilnadu,DINDIGUL,Dindigul Bus Stand S.O,624001
Tamilnadu,DINDIGUL,Dindigul Collectorate S.O,624004
Tamilnadu,DINDIGUL,Dindigul East S.O,624003
Tamilnadu,DINDIGUL,Dindigul Fort S.O,624001
Tamilnadu,DINDIGUL,Dindigul H.O,624001
Tamilnadu,DINDIGUL,Dindigul North S.O,624001
Tamilnadu,DINDIGUL,Dindigul Santhaipettai S.O,624003
Tamilnadu,DINDIGUL,Dindigul South S.O,624001
Tamilnadu,DINDIGUL,Emakkalapuram B.O,624304
Tamilnadu,DINDIGUL,Eriyodu S.O,624702
Tamilnadu,DINDIGUL,Erramanaickenpatti B.O,624613
Tamilnadu,DINDIGUL,Ethilodu B.O,624219
Tamilnadu,DINDIGUL,G.Thummalapatti B.O,624202
Tamilnadu,DINDIGUL,Gandhigram S.O,624302
Tamilnadu,DINDIGUL,Gurunathanaickanur B.O,624622
Tamilnadu,DINDIGUL,Guziliamparai S.O,624703
Tamilnadu,DINDIGUL,Hanumantharayankottai S.O,624054
Tamilnadu,DINDIGUL,I.Vadipatti B.O,624616
Tamilnadu,DINDIGUL,Idayakottai S.O,624704
Tamilnadu,DINDIGUL,Iyyampalayam S.O,624204
Tamilnadu,DINDIGUL,Jambudarikottai B.O,624206
Tamilnadu,DINDIGUL,Jambuliapatti B.O,624005
Tamilnadu,DINDIGUL,Javadhupatti B.O,624704
Tamilnadu,DINDIGUL,Jenankottai B.O,624710
Tamilnadu,DINDIGUL,Jogipatti B.O,624704
Tamilnadu,DINDIGUL,Jothampatti B.O,624308
Tamilnadu,DINDIGUL,K.Ayyapatti B.O,624308
Tamilnadu,DINDIGUL,K.C.Patti B.O,624212
Tamilnadu,DINDIGUL,K.Keeranur B.O,624616
Tamilnadu,DINDIGUL,K.Pudukottai B.O,624622
Tamilnadu,DINDIGUL,K.Rajathanikottai B.O,624206
Tamilnadu,DINDIGUL,K.Singarakottai B.O,624708
Tamilnadu,DINDIGUL,Kalanampatti B.O,624710
Tamilnadu,DINDIGUL,Kalanjipatti B.O,624619
Tamilnadu,DINDIGUL,Kalayamputhur S.O,624615
Tamilnadu,DINDIGUL,Kalikkampatti B.O,624303
Tamilnadu,DINDIGUL,Kallimandayam S.O,624616
Tamilnadu,DINDIGUL,Kallipatti B.O,624709
Tamilnadu,DINDIGUL,Kamanur B.O,624216
Tamilnadu,DINDIGUL,Kamatchipuram B.O,624622
Tamilnadu,DINDIGUL,Kambiliampatti B.O,624306
Tamilnadu,DINDIGUL,Kanakkanpatti B.O,624613
Tamilnadu,DINDIGUL,Kanalkadu B.O,624216
Tamilnadu,DINDIGUL,Kanapadi B.O,624802
Tamilnadu,DINDIGUL,Kanavoipatti B.O,624202
Tamilnadu,DINDIGUL,Kanavoipatti B.O,624308
Tamilnadu,DINDIGUL,Kanniapuram B.O,624308
Tamilnadu,DINDIGUL,Kannivadi S.O,624705
Tamilnadu,DINDIGUL,Kappalapatti B.O,624614
Tamilnadu,DINDIGUL,Kappiliapatti B.O,624612
Tamilnadu,DINDIGUL,Kariampatti B.O,624215
Tamilnadu,DINDIGUL,Kariampatti B.O,624616
Tamilnadu,DINDIGUL,Karikali B.O,624703
Tamilnadu,DINDIGUL,Karikaranpudur B.O,624615
Tamilnadu,DINDIGUL,Kasampatti B.O,624401
Tamilnadu,DINDIGUL,Kasavanampatti B.O,624705
Tamilnadu,DINDIGUL,Kasipalayam S.O,624711
Tamilnadu,DINDIGUL,Kattakamanpatti B.O,624202
Tamilnadu,DINDIGUL,Kattakoothanpatti B.O,624215
Tamilnadu,DINDIGUL,Kattupatti B.O,624306
Tamilnadu,DINDIGUL,Kavalapatti B.O,624621
Tamilnadu,DINDIGUL,Kaveriammapatti B.O,624619
Tamilnadu,DINDIGUL,Kaviakadu B.O,624212
Tamilnadu,DINDIGUL,Kavunji B.O,624103
Tamilnadu,DINDIGUL,Kazhutharukkipalayam B.O,624616
Tamilnadu,DINDIGUL,Keeranur(MA) S.O,624617
Tamilnadu,DINDIGUL,Kethaiyarumbu B.O,624619
Tamilnadu,DINDIGUL,Kilanavayal B.O,624103
Tamilnadu,DINDIGUL,Kilavarai B.O,624103
Tamilnadu,DINDIGUL,Kodagipatti B.O,624403
Tamilnadu,DINDIGUL,Kodaikanal Observatory S.O,624103
Tamilnadu,DINDIGUL,Kodaikanal S.O,624101
Tamilnadu,DINDIGUL,Kodaimangalam B.O,624618
Tamilnadu,DINDIGUL,Kodairoad R.S. S.O,624206
Tamilnadu,DINDIGUL,Kodalangadu B.O,624216
Tamilnadu,DINDIGUL,Kodanginaickenpatti B.O,624215
Tamilnadu,DINDIGUL,Kodangipatti B.O,624710
Tamilnadu,DINDIGUL,Kolinjipatti B.O,624304
Tamilnadu,DINDIGUL,Kollapatti B.O,624619
Tamilnadu,DINDIGUL,Kollapatti B.O,624801
Tamilnadu,DINDIGUL,Komberipatti B.O,624801
Tamilnadu,DINDIGUL,Konapatti B.O,624304
Tamilnadu,DINDIGUL,Konur B.O,624705
Tamilnadu,DINDIGUL,Kookal B.O,624103
Tamilnadu,DINDIGUL,Koovakkapatti B.O,624710
Tamilnadu,DINDIGUL,Koovanuthu B.O,624003
Tamilnadu,DINDIGUL,Kosavapatti B.O,624304
Tamilnadu,DINDIGUL,Kosikurichi B.O,624401
Tamilnadu,DINDIGUL,Kothayam B.O,624614
Tamilnadu,DINDIGUL,Kottaipatti B.O,624403
Tamilnadu,DINDIGUL,Kottaiyur B.O,624402
Tamilnadu,DINDIGUL,Kottanatham B.O,624620
Tamilnadu,DINDIGUL,Kottapatti B.O,624002
Tamilnadu,DINDIGUL,Kottathurai B.O,624617
Tamilnadu,DINDIGUL,Kottur B.O,624215
Tamilnadu,DINDIGUL,Kovilammapatti B.O,624618
Tamilnadu,DINDIGUL,Kovilur B.O,624005
Tamilnadu,DINDIGUL,Kovilur S.O,624706
Tamilnadu,DINDIGUL,Kulathupatti B.O,624706
Tamilnadu,DINDIGUL,Kulathur B.O,624005
Tamilnadu,DINDIGUL,Kullichettipatti B.O,624219
Tamilnadu,DINDIGUL,Kumbaraiyur B.O,624202
Tamilnadu,DINDIGUL,Kumbur B.O,624103
Tamilnadu,DINDIGUL,Kumbur B.O,624710
Tamilnadu,DINDIGUL,Kunnuvarankottai B.O,624220
Tamilnadu,DINDIGUL,Kuppammalpatti B.O,624212
Tamilnadu,DINDIGUL,Kusavapatti B.O,624802
Tamilnadu,DINDIGUL,Kuthiluppai B.O,624712
Tamilnadu,DINDIGUL,Kuttampundi B.O,624616
Tamilnadu,DINDIGUL,Kuttathupatti B.O,624002
Tamilnadu,DINDIGUL,Kuttupatti B.O,624401
Tamilnadu,DINDIGUL,Kuzhipatti B.O,624202
Tamilnadu,DINDIGUL,Landakottai B.O,624620
Tamilnadu,DINDIGUL,Lingavadi B.O,624401
Tamilnadu,DINDIGUL,M.N.Patti B.O,624002
Tamilnadu,DINDIGUL,M.Vadipatti B.O,624211
Tamilnadu,DINDIGUL,Ma.Athappanpatti B.O,624712
Tamilnadu,DINDIGUL,Madur B.O,624306
Tamilnadu,DINDIGUL,Mallanampatti B.O,624202
Tamilnadu,DINDIGUL,Mallapuram B.O,624703
Tamilnadu,DINDIGUL,Mallayapuram B.O,624707
Tamilnadu,DINDIGUL,Malvarpatti B.O,624709
Tamilnadu,DINDIGUL,Manakkattur B.O,624403
Tamilnadu,DINDIGUL,Mandavadi B.O,624612
Tamilnadu,DINDIGUL,Mangarai B.O,624622
Tamilnadu,DINDIGUL,Manjalpirappu B.O,624212
Tamilnadu,DINDIGUL,Manjanaickenpatti B.O,624614
Tamilnadu,DINDIGUL,Mannavanur B.O,624103
Tamilnadu,DINDIGUL,Manur B.O,624618
Tamilnadu,DINDIGUL,Marambadi B.O,624709
Tamilnadu,DINDIGUL,Marichilambu B.O,624613
Tamilnadu,DINDIGUL,Markampatti B.O,624306
Tamilnadu,DINDIGUL,Markkampatti S.O,624712
Tamilnadu,DINDIGUL,Marunoothu B.O,624304
Tamilnadu,DINDIGUL,Maruthanathi-project B.O,624204
Tamilnadu,DINDIGUL,Melkaraipatti B.O,624617
Tamilnadu,DINDIGUL,Mengles Road S.O,624001
Tamilnadu,DINDIGUL,Mettupatti B.O,624002
Tamilnadu,DINDIGUL,Mettupatti B.O,624616
Tamilnadu,DINDIGUL,Metturgate B.O,624206
Tamilnadu,DINDIGUL,Micheal Palayam B.O,624215
Tamilnadu,DINDIGUL,Moolaiyar B.O,624210
Tamilnadu,DINDIGUL,Moongilpatti B.O,624402
Tamilnadu,DINDIGUL,Morepatti B.O,624802
Tamilnadu,DINDIGUL,Mottanampatti B.O,624802
Tamilnadu,DINDIGUL,Mulaiyur B.O,624401
Tamilnadu,DINDIGUL,Mullipadi B.O,624005
Tamilnadu,DINDIGUL,Munnilakottai B.O,624303
Tamilnadu,DINDIGUL,Murunellikottai B.O,624710
Tamilnadu,DINDIGUL,Musuvanuthu B.O,624219
Tamilnadu,DINDIGUL,Muthalagupatti B.O,624002
Tamilnadu,DINDIGUL,Muthanampattipudur B.O,624622
Tamilnadu,DINDIGUL,Muthunaickenpatti B.O,624618
Tamilnadu,DINDIGUL,N.G.O.Colony S.O,624001
Tamilnadu,DINDIGUL,N.Panjampatti S.O,624303
Tamilnadu,DINDIGUL,N.Paraipatti B.O,624005
Tamilnadu,DINDIGUL,N.Pudupatti B.O,624401
Tamilnadu,DINDIGUL,Nadakottai B.O,624220
Tamilnadu,DINDIGUL,Nadumandalam B.O,624401
Tamilnadu,DINDIGUL,Nadupatti B.O,624212
Tamilnadu,DINDIGUL,Naduvanur B.O,624401
Tamilnadu,DINDIGUL,Nagalnagar S.O,624003
Tamilnadu,DINDIGUL,Nagayakottai B.O,624706
Tamilnadu,DINDIGUL,Nallamanaickenpatti B.O,624003
Tamilnadu,DINDIGUL,Nallamanarkottai B.O,624005
Tamilnadu,DINDIGUL,Nallurkadu B.O,624212
Tamilnadu,DINDIGUL,Nalupulikottai B.O,624619
Tamilnadu,DINDIGUL,Narasingapuram B.O,624307
Tamilnadu,DINDIGUL,Narikalpatti S.O,624618
Tamilnadu,DINDIGUL,Nariyuthu B.O,624215
Tamilnadu,DINDIGUL,Natham East S.O,624401
Tamilnadu,DINDIGUL,Natham Koilpatti S.O,624401
Tamilnadu,DINDIGUL,Natham S.O,624401
Tamilnadu,DINDIGUL,Nathambazar B.O,624401
Tamilnadu,DINDIGUL,Nathapatti B.O,624710
Tamilnadu,DINDIGUL,Naduvanur B.O,624401
Tamilnadu,DINDIGUL,Nagalnagar S.O,624003
Tamilnadu,DINDIGUL,Nagayakottai B.O,624706
Tamilnadu,DINDIGUL,Nallamanaickenpatti B.O,624003
Tamilnadu,DINDIGUL,Nallamanarkottai B.O,624005
Tamilnadu,DINDIGUL,Nallurkadu B.O,624212
Tamilnadu,DINDIGUL,Nalupulikottai B.O,624619
Tamilnadu,DINDIGUL,Narasingapuram B.O,624307
Tamilnadu,DINDIGUL,Narikalpatti S.O,624618
Tamilnadu,DINDIGUL,Nariyuthu B.O,624215
Tamilnadu,DINDIGUL,Natham East S.O,624401
Tamilnadu,DINDIGUL,Natham Koilpatti S.O,624401
Tamilnadu,DINDIGUL,Natham S.O,624401
Tamilnadu,DINDIGUL,Nathambazar B.O,624401
Tamilnadu,DINDIGUL,Nathapatti B.O,624710
Tamilnadu,DINDIGUL,Neelamalaikottai B.O,624619
Tamilnadu,DINDIGUL,Neikkarapatti B.O,624615
Tamilnadu,DINDIGUL,Nellur B.O,624204
Tamilnadu,DINDIGUL,Nilakottai H.O,624208
Tamilnadu,DINDIGUL,Nuthalapuram B.O,624202
Tamilnadu,DINDIGUL,Odaipatti B.O,624612
Tamilnadu,DINDIGUL,Oddanchatram North S.O,624619
Tamilnadu,DINDIGUL,Oddanchatram S.O,624619
Tamilnadu,DINDIGUL,Old Batlagundu B.O,624202
Tamilnadu,DINDIGUL,Old Oddanchatram B.O,624619
Tamilnadu,DINDIGUL,Oruthattu B.O,624206
Tamilnadu,DINDIGUL,Ottupatti B.O,624708
Tamilnadu,DINDIGUL,Pachalur B.O,624212
Tamilnadu,DINDIGUL,Pachamalayankottai B.O,624707
Tamilnadu,DINDIGUL,Padiyur B.O,624005
Tamilnadu,DINDIGUL,Paganattam B.O,624702
Tamilnadu,DINDIGUL,Palakkanuthu S.O,624624
Tamilnadu,DINDIGUL,Palani Bazaar S.O,624601
Tamilnadu,DINDIGUL,Palani Devastanam S.O,624601
Tamilnadu,DINDIGUL,Palani East S.O,624601
Tamilnadu,DINDIGUL,Palani H.O,624601
Tamilnadu,DINDIGUL,Palani North S.O,624601
Tamilnadu,DINDIGUL,Palani R.S S.O,624601
Tamilnadu,DINDIGUL,Palani West S.O,624601
Tamilnadu,DINDIGUL,Palappanpatti B.O,624616
Tamilnadu,DINDIGUL,Palarparundalar Dam B.O,624610
Tamilnadu,DINDIGUL,Palayakannivadi B.O,624705
Tamilnadu,DINDIGUL,Palayam S.O,624620
Tamilnadu,DINDIGUL,Palayankottai B.O,624708
Tamilnadu,DINDIGUL,Pallapatti B.O,624002
Tamilnadu,DINDIGUL,Pallathukalvai B.O,624212
Tamilnadu,DINDIGUL,Pambarpuram S.O,624101
Tamilnadu,DINDIGUL,Pandianagar S.O,624001
Tamilnadu,DINDIGUL,Pandithakaranur B.O,624620
Tamilnadu,DINDIGUL,Pandrimalai B.O,624212
Tamilnadu,DINDIGUL,Pannaikadu S.O,624210
Tamilnadu,DINDIGUL,Pannaipatti B.O,624705
Tamilnadu,DINDIGUL,Pappampatti S.O,624621
Tamilnadu,DINDIGUL,Pappanampatti B.O,624622
Tamilnadu,DINDIGUL,Paraipatti B.O,624707
Tamilnadu,DINDIGUL,Paruthiyur B.O,624616
Tamilnadu,DINDIGUL,Pattiveeranpatti S.O,624211
Tamilnadu,DINDIGUL,Pazhamputhur B.O,624103
Tamilnadu,DINDIGUL,Periakuzhipatti B.O,624704
Tamilnadu,DINDIGUL,Perichipalayam B.O,624617
Tamilnadu,DINDIGUL,Periyakalayamputhur B.O,624615
Tamilnadu,DINDIGUL,Periyakottai B.O,624306
Tamilnadu,DINDIGUL,Periyakottai B.O,624614
Tamilnadu,DINDIGUL,Periyamottanuthu B.O,624618
Tamilnadu,DINDIGUL,Periyur B.O,624212
Tamilnadu,DINDIGUL,Perumalkoilpatti B.O,624302
Tamilnadu,DINDIGUL,Perumalnaickenvalasu B.O,624614
Tamilnadu,DINDIGUL,Perumalpudur B.O,624615
Tamilnadu,DINDIGUL,Perumbarai S.O,624212
Tamilnadu,DINDIGUL,Pethanaickenpatti B.O,624615
Tamilnadu,DINDIGUL,Pilathu B.O,624802
Tamilnadu,DINDIGUL,Pillamanaickenpatti B.O,624706
Tamilnadu,DINDIGUL,Pillayarnatham B.O,624219
Tamilnadu,DINDIGUL,Pillayarnatham B.O,624403
Tamilnadu,DINDIGUL,Pithalaipatti B.O,624002
Tamilnadu,DINDIGUL,Polur B.O,624103
Tamilnadu,DINDIGUL,Ponnimandurai B.O,624002
Tamilnadu,DINDIGUL,Poolampati B.O,624613
Tamilnadu,DINDIGUL,Poombarai B.O,624103
Tamilnadu,DINDIGUL,Poosaripatti B.O,624202
Tamilnadu,DINDIGUL,Poothampatti B.O,624702
Tamilnadu,DINDIGUL,Porulur B.O,624616
Tamilnadu,DINDIGUL,Puduchatram B.O,624619
Tamilnadu,DINDIGUL,Pudur(NTM) B.O,624401
Tamilnadu,DINDIGUL,Pudurchettiapatti B.O,624710
Tamilnadu,DINDIGUL,Pulathur B.O,624202
Tamilnadu,DINDIGUL,Puliamarathukottai B.O,624710
Tamilnadu,DINDIGUL,Puliampatti B.O,624617
Tamilnadu,DINDIGUL,Puliyurnatham B.O,624704
Tamilnadu,DINDIGUL,Pundi B.O,624103
Tamilnadu,DINDIGUL,Punnapatti B.O,624401
Tamilnadu,DINDIGUL,Pushpathur B.O,624618
Tamilnadu,DINDIGUL,Puthuputhur B.O,624103
Tamilnadu,DINDIGUL,Puthur B.O,624801
Tamilnadu,DINDIGUL,R.Iyyampalayam B.O,624621
Tamilnadu,DINDIGUL,R.Kombai B.O,624706
Tamilnadu,DINDIGUL,R.Pudukottai B.O,624706
Tamilnadu,DINDIGUL,R.Vellodu B.O,624620
Tamilnadu,DINDIGUL,Ragalapuram B.O,624304
Tamilnadu,DINDIGUL,Rajakkapatti S.O,624316
Tamilnadu,DINDIGUL,Rajampatti B.O,624617
Tamilnadu,DINDIGUL,Rajathanikottai B.O,624220
Tamilnadu,DINDIGUL,Ramagiri B.O,624703
Tamilnadu,DINDIGUL,Ramarajapuram S.O,624213
Tamilnadu,DINDIGUL,Reddiapatti B.O,624003
Tamilnadu,DINDIGUL,Reddiapatti B.O,624202
Tamilnadu,DINDIGUL,Reddiapatti B.O,624401
Tamilnadu,DINDIGUL,Reddiarchatram S.O,624622
Tamilnadu,DINDIGUL,S.R.G.Pudur B.O,624619
Tamilnadu,DINDIGUL,S.Vadipatti B.O,624622
Tamilnadu,DINDIGUL,Sadayampatti B.O,624306
Tamilnadu,DINDIGUL,Sakkampatti B.O,624612
Tamilnadu,DINDIGUL,Sakkiliankodai B.O,624308
Tamilnadu,DINDIGUL,Samiyarpatti S.O,624312
Tamilnadu,DINDIGUL,Samudrapatti S.O,624402
Tamilnadu,DINDIGUL,Sanarpatti S.O,624304
Tamilnadu,DINDIGUL,Sandaiyur B.O,624220
Tamilnadu,DINDIGUL,Sangalpatty B.O,624215
Tamilnadu,DINDIGUL,Sangampalayam B.O,624617
Tamilnadu,DINDIGUL,Sangareddikottai B.O,624211
Tamilnadu,DINDIGUL,Sankarapuram B.O,624215
Tamilnadu,DINDIGUL,Sathampadi B.O,624401
Tamilnadu,DINDIGUL,Sedapatti B.O,624708
Tamilnadu,DINDIGUL,Sellamanthadi B.O,624005
Tamilnadu,DINDIGUL,Sembatti S.O,624707
Tamilnadu,DINDIGUL,Sendurai S.O,624403
Tamilnadu,DINDIGUL,Sengurichi B.O,624306
Tamilnadu,DINDIGUL,Senkattampatti B.O,624708
Tamilnadu,DINDIGUL,Sennamanaickenpatti B.O,624004
Tamilnadu,DINDIGUL,Servaikaranpatti B.O,624620
Tamilnadu,DINDIGUL,Sethur B.O,624401
Tamilnadu,DINDIGUL,Settinaickenpatti B.O,624004
Tamilnadu,DINDIGUL,Sevugampatti B.O,624211
Tamilnadu,DINDIGUL,Silaipadi B.O,624005
Tamilnadu,DINDIGUL,Silukkuvarpatti S.O,624215
Tamilnadu,DINDIGUL,Siluvathur S.O,624306
Tamilnadu,DINDIGUL,Silvarpatti B.O,624709
Tamilnadu,DINDIGUL,Sindalagundu B.O,624002
Tamilnadu,DINDIGUL,Singarakottai.V. B.O,624802
Tamilnadu,DINDIGUL,Sirugudi S.O,624404
Tamilnadu,DINDIGUL,Sirumalai B.O,624003
Tamilnadu,DINDIGUL,Sirumalaipudur B.O,624003
Tamilnadu,DINDIGUL,Sirunaickenpatti B.O,624219
Tamilnadu,DINDIGUL,Sirunaickenpatti B.O,624307
Tamilnadu,DINDIGUL,Sitharevu S.O,624228
Tamilnadu,DINDIGUL,Sithargalnatham B.O,624219
Tamilnadu,DINDIGUL,Sithayankottai S.O,624708
Tamilnadu,DINDIGUL,Sithuvarpatti B.O,624801
Tamilnadu,DINDIGUL,Solaikadu B.O,624212
Tamilnadu,DINDIGUL,Sreerankattupatti B.O,624401
Tamilnadu,DINDIGUL,Sriramapuram B.O,624622
Tamilnadu,DINDIGUL,Sriramapuram B.O,624702
Tamilnadu,DINDIGUL,St.Marys Estate B.O,624212
Tamilnadu,DINDIGUL,Sukkampatti B.O,624709
Tamilnadu,DINDIGUL,Sukkampatti B.O,624801
Tamilnadu,DINDIGUL,Sullerumbu B.O,624710
Tamilnadu,DINDIGUL,T.Panjampatti B.O,624304
Tamilnadu,DINDIGUL,T.Pudupatti B.O,624705
Tamilnadu,DINDIGUL,T.Vadugapatti B.O,624308
Tamilnadu,DINDIGUL,Tadicombu S.O,624709
Tamilnadu,DINDIGUL,Tandigudi S.O,624216
Tamilnadu,DINDIGUL,Teppakulathupatti B.O,624709
Tamilnadu,DINDIGUL,Thalaiyuthu B.O,624618
Tamilnadu,DINDIGUL,Thamaraikulam B.O,624615
Tamilnadu,DINDIGUL,Thamaraipadi B.O,624005
Tamilnadu,DINDIGUL,Thangachiammapatti B.O,624612
Tamilnadu,DINDIGUL,Thathanaickenpatti B.O,624621
Tamilnadu,DINDIGUL,Thattarapatti B.O,624710
Tamilnadu,DINDIGUL,Thavasimadai B.O,624304
Tamilnadu,DINDIGUL,Thazhakadai B.O,624003
Tamilnadu,DINDIGUL,Theethagoundenvalasu B.O,624616
Tamilnadu,DINDIGUL,Thennampatti B.O,624802
Tamilnadu,DINDIGUL,Theppathupatti B.O,624220
Tamilnadu,DINDIGUL,Thettupatti B.O,624705
Tamilnadu,DINDIGUL,Thimmanallur B.O,624308
Tamilnadu,DINDIGUL,Thonimalai B.O,624212
Tamilnadu,DINDIGUL,Thoppampatti B.O,624617
Tamilnadu,DINDIGUL,Thottanampatti B.O,624005
Tamilnadu,DINDIGUL,Thottanuthu B.O,624005
Tamilnadu,DINDIGUL,Thozhipatti B.O,624703
Tamilnadu,DINDIGUL,Thummalagundu B.O,624802
Tamilnadu,DINDIGUL,Thummalapatti B.O,624617
Tamilnadu,DINDIGUL,Tirukoornam B.O,624620
Tamilnadu,DINDIGUL,Tirumalaigoundenvalasu B.O,624616
Tamilnadu,DINDIGUL,Ulliyakottai B.O,624703
Tamilnadu,DINDIGUL,Undarpatti B.O,624709
Tamilnadu,DINDIGUL,Uralipatti B.O,624402
Tamilnadu,DINDIGUL,Usilampatti B.O,624706
Tamilnadu,DINDIGUL,Uthupatti B.O,624206
Tamilnadu,DINDIGUL,V.S.K.Kurumbapatti B.O,624306
Tamilnadu,DINDIGUL,Vadagadu B.O,624619
Tamilnadu,DINDIGUL,Vadakattupudur B.O,624304
Tamilnadu,DINDIGUL,Vadamadurai S.O,624802
Tamilnadu,DINDIGUL,Vadugampadi B.O,624706
Tamilnadu,DINDIGUL,Vagarai B.O,624613
Tamilnadu,DINDIGUL,Vaithilathoppampatti B.O,624306
Tamilnadu,DINDIGUL,Vakkampatti B.O,624303
Tamilnadu,DINDIGUL,Valayapatti B.O,624704
Tamilnadu,DINDIGUL,Vallipatti B.O,624710
Tamilnadu,DINDIGUL,Vanikarai B.O,624710
Tamilnadu,DINDIGUL,Vannampatti B.O,624707
Tamilnadu,DINDIGUL,Varthamanathi Dam Project B.O,624613
Tamilnadu,DINDIGUL,Vathipatti B.O,624401
Tamilnadu,DINDIGUL,Vedasandur S.O,624710
Tamilnadu,DINDIGUL,Veerakkal B.O,624303
Tamilnadu,DINDIGUL,Veeralapatti B.O,624614
Tamilnadu,DINDIGUL,Veerasinnnampatti B.O,624304
Tamilnadu,DINDIGUL,Velampatti B.O,624401
Tamilnadu,DINDIGUL,Velampatti B.O,624617
Tamilnadu,DINDIGUL,Vellodu S.O,624307
Tamilnadu,DINDIGUL,Velvarkottai S.O,624803
Tamilnadu,DINDIGUL,Vembarpatti S.O,624308
Tamilnadu,DINDIGUL,Vengalapatti B.O,624212
Tamilnadu,DINDIGUL,Venkatasrikottai B.O,624202
Tamilnadu,DINDIGUL,Veriyappur B.O,624619
Tamilnadu,DINDIGUL,Vilampatti S.O,624219
Tamilnadu,DINDIGUL,Viralimayanpatti B.O,624220
Tamilnadu,DINDIGUL,Viralipatti B.O,624202
Tamilnadu,DINDIGUL,Viralipatti B.O,624709
Tamilnadu,DINDIGUL,Virupatchi B.O,624614
Tamilnadu,DINDIGUL,Viruveedu S.O,624220
Tamilnadu,DINDIGUL,Yeluvanampatti B.O,624202
Tamilnadu,DINDIGUL,Adukkam B.O,624101
Tamilnadu,DINDIGUL,Attuvampatti B.O,624101
Tamilnadu,DINDIGUL,Kumburvayal B.O,624101
Tamilnadu,DINDIGUL,Machur B.O,624101
Tamilnadu,DINDIGUL,Melpallam B.O,624101
Tamilnadu,DINDIGUL,Naidupuram B.O,624101
Tamilnadu,DINDIGUL,Palamalai B.O,624101
Tamilnadu,DINDIGUL,Pallangi B.O,624101
Tamilnadu,DINDIGUL,Perumalmalai B.O,624101
Tamilnadu,DINDIGUL,Perumpallam B.O,624101
Tamilnadu,DINDIGUL,Prakasapuram B.O,624101
Tamilnadu,DINDIGUL,Shenbaganur B.O,624101
Tamilnadu,DINDIGUL,Srinivasapuram B.O,624101
Tamilnadu,DINDIGUL,Vadagounji B.O,624101
Tamilnadu,DINDIGUL,Vellagavi B.O,624101
Tamilnadu,DINDIGUL,Vilpatti B.O,624101
Tamilnadu,DINDIGUL,Kalladipatti B.O,624201
Tamilnadu,DINDIGUL,Kullalagundu B.O,624201
Tamilnadu,DINDIGUL,Malayagondanpatti B.O,624201
Tamilnadu,DINDIGUL,Pallapatti B.O,624201
Tamilnadu,DINDIGUL,Devinaickenpatti B.O,624711
Tamilnadu,DINDIGUL,Kalvarpatti B.O,624711
Tamilnadu,DINDIGUL,Kuttam B.O,624711
Tamilnadu,DINDIGUL,Minukampatti B.O,624711
Tamilnadu,DINDIGUL,Poonuthu B.O,624711
Tamilnadu,DINDIGUL,Viruthalaipatti B.O,624711
